season,week,team_name,opponent,result,team_score,opponent_score,is_bye,is_playoff
2018,1,Who is John Galt?,angry cat,Loss,95.84,157.92,false,
2018,1,angry cat,Who is John Galt?,Win,157.92,95.84,false,
2018,1,Good Times,OBJYN,Win,173.20,88.34,false,
2018,1,OBJYN,Good Times,Loss,88.34,173.20,false,
2018,1,Eric's Team,Dave H's Team,Loss,116.64,130.90,false,
2018,1,Dave H's Team,Eric's Team,Win,130.90,116.64,false,
2018,1,Gonna Get a TD,Going Streaking,Win,99.44,88.84,false,
2018,1,Going Streaking,Gonna Get a TD,Loss,88.84,99.44,false,
2018,1,Jamie's Fine Team,PokerA9,Loss,89.16,122.68,false,
2018,1,PokerA9,Jamie's Fine Team,Win,122.68,89.16,false,
2018,2,Who is John Galt?,OBJYN,Win,114.50,107.04,false,
2018,2,OBJYN,Who is John Galt?,Loss,107.04,114.50,false,
2018,2,Good Times,angry cat,Win,98.98,95.94,false,
2018,2,angry cat,Good Times,Loss,95.94,98.98,false,
2018,2,Eric's Team,Going Streaking,Loss,126.92,181.10,false,
2018,2,Going Streaking,Eric's Team,Win,181.10,126.92,false,
2018,2,Gonna Get a TD,PokerA9,Win,145.04,115.16,false,
2018,2,PokerA9,Gonna Get a TD,Loss,115.16,145.04,false,
2018,2,Dave H's Team,Jamie's Fine Team,Win,145.98,125.20,false,
2018,2,Jamie's Fine Team,Dave H's Team,Loss,125.20,145.98,false,
2018,3,Who is John Galt?,Going Streaking,Loss,89.34,124.40,false,
2018,3,Going Streaking,Who is John Galt?,Win,124.40,89.34,false,
2018,3,Good Times,Dave H's Team,Win,149.36,115.72,false,
2018,3,Dave H's Team,Good Times,Loss,115.72,149.36,false,
2018,3,Eric's Team,PokerA9,Win,136.74,101.82,false,
2018,3,PokerA9,Eric's Team,Loss,101.82,136.74,false,
2018,3,angry cat,Gonna Get a TD,Loss,106.78,111.76,false,
2018,3,Gonna Get a TD,angry cat,Win,111.76,106.78,false,
2018,3,OBJYN,Jamie's Fine Team,Win,120.64,82.34,false,
2018,3,Jamie's Fine Team,OBJYN,Loss,82.34,120.64,false,
2018,4,Who is John Galt?,Dave H's Team,Loss,93.84,120.86,false,
2018,4,Dave H's Team,Who is John Galt?,Win,120.86,93.84,false,
2018,4,Good Times,PokerA9,Win,200.76,114.06,false,
2018,4,PokerA9,Good Times,Loss,114.06,200.76,false,
2018,4,Eric's Team,angry cat,Win,106.08,66.48,false,
2018,4,angry cat,Eric's Team,Loss,66.48,106.08,false,
2018,4,OBJYN,Gonna Get a TD,Loss,85.68,138.46,false,
2018,4,Gonna Get a TD,OBJYN,Win,138.46,85.68,false,
2018,4,Going Streaking,Jamie's Fine Team,Win,176.20,139.40,false,
2018,4,Jamie's Fine Team,Going Streaking,Loss,139.40,176.20,false,
2018,5,Who is John Galt?,PokerA9,Loss,76.88,129.54,false,
2018,5,PokerA9,Who is John Galt?,Win,129.54,76.88,false,
2018,5,Good Times,Eric's Team,Loss,91.60,132.92,false,
2018,5,Eric's Team,Good Times,Win,132.92,91.60,false,
2018,5,angry cat,OBJYN,Loss,105.12,137.70,false,
2018,5,OBJYN,angry cat,Win,137.70,105.12,false,
2018,5,Gonna Get a TD,Jamie's Fine Team,Loss,75.62,110.04,false,
2018,5,Jamie's Fine Team,Gonna Get a TD,Win,110.04,75.62,false,
2018,5,Going Streaking,Dave H's Team,Loss,115.80,129.60,false,
2018,5,Dave H's Team,Going Streaking,Win,129.60,115.80,false,
2018,6,Who is John Galt?,Jamie's Fine Team,Loss,117.40,122.32,false,
2018,6,Jamie's Fine Team,Who is John Galt?,Win,122.32,117.40,false,
2018,6,Good Times,Gonna Get a TD,Win,132.70,115.58,false,
2018,6,Gonna Get a TD,Good Times,Loss,115.58,132.70,false,
2018,6,Eric's Team,OBJYN,Loss,138.30,150.40,false,
2018,6,OBJYN,Eric's Team,Win,150.40,138.30,false,
2018,6,angry cat,Dave H's Team,Win,124.76,114.32,false,
2018,6,Dave H's Team,angry cat,Loss,114.32,124.76,false,
2018,6,Going Streaking,PokerA9,Loss,103.28,130.14,false,
2018,6,PokerA9,Going Streaking,Win,130.14,103.28,false,
2018,7,Who is John Galt?,Eric's Team,Loss,95.26,179.58,false,
2018,7,Eric's Team,Who is John Galt?,Win,179.58,95.26,false,
2018,7,Good Times,Jamie's Fine Team,Loss,99.36,122.34,false,
2018,7,Jamie's Fine Team,Good Times,Win,122.34,99.36,false,
2018,7,angry cat,Going Streaking,Loss,79.22,98.04,false,
2018,7,Going Streaking,angry cat,Win,98.04,79.22,false,
2018,7,OBJYN,PokerA9,Win,154.30,124.48,false,
2018,7,PokerA9,OBJYN,Loss,124.48,154.30,false,
2018,7,Gonna Get a TD,Dave H's Team,Win,117.72,106.50,false,
2018,7,Dave H's Team,Gonna Get a TD,Loss,106.50,117.72,false,
2018,8,Who is John Galt?,Gonna Get a TD,Loss,99.76,172.82,false,
2018,8,Gonna Get a TD,Who is John Galt?,Win,172.82,99.76,false,
2018,8,Good Times,Going Streaking,Loss,100.10,135.06,false,
2018,8,Going Streaking,Good Times,Win,135.06,100.10,false,
2018,8,Eric's Team,Jamie's Fine Team,Win,115.40,106.46,false,
2018,8,Jamie's Fine Team,Eric's Team,Loss,106.46,115.40,false,
2018,8,angry cat,PokerA9,Win,120.50,116.70,false,
2018,8,PokerA9,angry cat,Loss,116.70,120.50,false,
2018,8,OBJYN,Dave H's Team,Loss,82.54,139.08,false,
2018,8,Dave H's Team,OBJYN,Win,139.08,82.54,false,
2018,9,Who is John Galt?,Good Times,Loss,121.58,179.40,false,
2018,9,Good Times,Who is John Galt?,Win,179.40,121.58,false,
2018,9,Eric's Team,Gonna Get a TD,Win,138.22,90.60,false,
2018,9,Gonna Get a TD,Eric's Team,Loss,90.60,138.22,false,
2018,9,angry cat,Jamie's Fine Team,Win,113.92,112.06,false,
2018,9,Jamie's Fine Team,angry cat,Loss,112.06,113.92,false,
2018,9,OBJYN,Going Streaking,Loss,98.30,119.52,false,
2018,9,Going Streaking,OBJYN,Win,119.52,98.30,false,
2018,9,Dave H's Team,PokerA9,Win,124.30,115.94,false,
2018,9,PokerA9,Dave H's Team,Loss,115.94,124.30,false,
2018,10,Who is John Galt?,PokerA9,Win,114.92,92.72,false,
2018,10,PokerA9,Who is John Galt?,Loss,92.72,114.92,false,
2018,10,Good Times,Eric's Team,Win,152.80,114.64,false,
2018,10,Eric's Team,Good Times,Loss,114.64,152.80,false,
2018,10,angry cat,OBJYN,Loss,106.42,163.40,false,
2018,10,OBJYN,angry cat,Win,163.40,106.42,false,
2018,10,Gonna Get a TD,Jamie's Fine Team,Win,108.96,93.32,false,
2018,10,Jamie's Fine Team,Gonna Get a TD,Loss,93.32,108.96,false,
2018,10,Going Streaking,Dave H's Team,Loss,139.30,156.52,false,
2018,10,Dave H's Team,Going Streaking,Win,156.52,139.30,false,
2018,11,Who is John Galt?,Jamie's Fine Team,Win,114.58,98.94,false,
2018,11,Jamie's Fine Team,Who is John Galt?,Loss,98.94,114.58,false,
2018,11,Good Times,Gonna Get a TD,Loss,140.84,153.22,false,
2018,11,Gonna Get a TD,Good Times,Win,153.22,140.84,false,
2018,11,Eric's Team,OBJYN,Win,122.52,82.70,false,
2018,11,OBJYN,Eric's Team,Loss,82.70,122.52,false,
2018,11,angry cat,Dave H's Team,Win,149.44,125.44,false,
2018,11,Dave H's Team,angry cat,Loss,125.44,149.44,false,
2018,11,Going Streaking,PokerA9,Win,150.02,98.62,false,
2018,11,PokerA9,Going Streaking,Loss,98.62,150.02,false,
2018,12,Who is John Galt?,Good Times,Loss,99.04,127.88,false,
2018,12,Good Times,Who is John Galt?,Win,127.88,99.04,false,
2018,12,Eric's Team,Gonna Get a TD,Win,125.34,119.36,false,
2018,12,Gonna Get a TD,Eric's Team,Loss,119.36,125.34,false,
2018,12,angry cat,Jamie's Fine Team,Loss,106.70,125.06,false,
2018,12,Jamie's Fine Team,angry cat,Win,125.06,106.70,false,
2018,12,OBJYN,Going Streaking,Win,163.58,140.82,false,
2018,12,Going Streaking,OBJYN,Loss,140.82,163.58,false,
2018,12,Dave H's Team,PokerA9,Win,123.54,76.82,false,
2018,12,PokerA9,Dave H's Team,Loss,76.82,123.54,false,
2018,13,Who is John Galt?,Eric's Team,Win,95.70,93.18,false,
2018,13,Eric's Team,Who is John Galt?,Loss,93.18,95.70,false,
2018,13,Good Times,Jamie's Fine Team,Loss,86.44,124.16,false,
2018,13,Jamie's Fine Team,Good Times,Win,124.16,86.44,false,
2018,13,angry cat,Going Streaking,Loss,84.86,137.46,false,
2018,13,Going Streaking,angry cat,Win,137.46,84.86,false,
2018,13,OBJYN,PokerA9,Win,132.96,112.58,false,
2018,13,PokerA9,OBJYN,Loss,112.58,132.96,false,
2018,13,Gonna Get a TD,Dave H's Team,Win,138.70,117.54,false,
2018,13,Dave H's Team,Gonna Get a TD,Loss,117.54,138.70,false,
2018,14,Who is John Galt?,Gonna Get a TD,Loss,69.40,109.28,false,
2018,14,Gonna Get a TD,Who is John Galt?,Win,109.28,69.40,false,
2018,14,Good Times,Going Streaking,Win,130.48,116.68,false,
2018,14,Going Streaking,Good Times,Loss,116.68,130.48,false,
2018,14,Eric's Team,Jamie's Fine Team,Loss,120.64,127.70,false,
2018,14,Jamie's Fine Team,Eric's Team,Win,127.70,120.64,false,
2018,14,angry cat,PokerA9,Win,147.40,70.50,false,
2018,14,PokerA9,angry cat,Loss,70.50,147.40,false,
2018,14,OBJYN,Dave H's Team,Loss,106.52,135.58,false,
2018,14,Dave H's Team,OBJYN,Win,135.58,106.52,false,
2018,15,Good Times,Dave H's Team,Loss,112.04,119.60,false,
2018,15,Dave H's Team,Good Times,Win,119.60,112.04,false,
2018,15,Gonna Get a TD,Going Streaking,Win,118.62,85.88,false,
2018,15,Going Streaking,Gonna Get a TD,Loss,85.88,118.62,false,
2018,15,Eric's Team,angry cat,Loss,50.42,111.54,false,
2018,15,angry cat,Eric's Team,Win,111.54,50.42,false,
2018,15,OBJYN,Jamie's Fine Team,Win,108.50,79.62,false,
2018,15,Jamie's Fine Team,OBJYN,Loss,79.62,108.50,false,
2018,16,Gonna Get a TD,Dave H's Team,Win,128.02,121.80,false,
2018,16,Dave H's Team,Gonna Get a TD,Loss,121.80,128.02,false,
2018,16,Good Times,Going Streaking,Win,111.66,108.98,false,
2018,16,Going Streaking,Good Times,Loss,108.98,111.66,false,
2018,16,Eric's Team,Jamie's Fine Team,Win,129.26,53.84,false,
2018,16,Jamie's Fine Team,Eric's Team,Loss,53.84,129.26,false,
2018,16,angry cat,OBJYN,Loss,101.14,125.04,false,
2018,16,OBJYN,angry cat,Win,125.04,101.14,false,
2019,1,Baker Aker FTW,Gonna Get a TD,Loss,73.80,114.42,false,
2019,1,Gonna Get a TD,Baker Aker FTW,Win,114.42,73.80,false,
2019,1,Good Times,Eric's Team,Win,142.36,100.60,false,
2019,1,Eric's Team,Good Times,Loss,100.60,142.36,false,
2019,1,angry cat,Al's Team,Loss,116.12,130.16,false,
2019,1,Al's Team,angry cat,Win,130.16,116.12,false,
2019,1,OBJYN,PokerA9,Loss,133.16,135.00,false,
2019,1,PokerA9,OBJYN,Win,135.00,133.16,false,
2019,1,Going Streaking,Whiskey DITKA,Loss,118.92,157.62,false,
2019,1,Whiskey DITKA,Going Streaking,Win,157.62,118.92,false,
2019,2,Baker Aker FTW,Eric's Team,Win,129.20,90.66,false,
2019,2,Eric's Team,Baker Aker FTW,Loss,90.66,129.20,false,
2019,2,Good Times,Al's Team,Loss,113.60,147.48,false,
2019,2,Al's Team,Good Times,Win,147.48,113.60,false,
2019,2,angry cat,Whiskey DITKA,Loss,71.34,81.66,false,
2019,2,Whiskey DITKA,angry cat,Win,81.66,71.34,false,
2019,2,OBJYN,Gonna Get a TD,Loss,92.52,130.32,false,
2019,2,Gonna Get a TD,OBJYN,Win,130.32,92.52,false,
2019,2,Going Streaking,PokerA9,Win,123.06,97.02,false,
2019,2,PokerA9,Going Streaking,Loss,97.02,123.06,false,
2019,3,Baker Aker FTW,Good Times,Loss,109.80,116.56,false,
2019,3,Good Times,Baker Aker FTW,Win,116.56,109.80,false,
2019,3,Eric's Team,Going Streaking,Loss,107.30,125.54,false,
2019,3,Going Streaking,Eric's Team,Win,125.54,107.30,false,
2019,3,angry cat,OBJYN,Loss,85.66,115.40,false,
2019,3,OBJYN,angry cat,Win,115.40,85.66,false,
2019,3,Gonna Get a TD,Al's Team,Win,162.66,118.38,false,
2019,3,Al's Team,Gonna Get a TD,Loss,118.38,162.66,false,
2019,3,Whiskey DITKA,PokerA9,Win,131.74,129.82,false,
2019,3,PokerA9,Whiskey DITKA,Loss,129.82,131.74,false,
2019,4,Baker Aker FTW,Gonna Get a TD,Loss,123.88,123.90,false,
2019,4,Gonna Get a TD,Baker Aker FTW,Win,123.90,123.88,false,
2019,4,Good Times,PokerA9,Win,118.68,99.20,false,
2019,4,PokerA9,Good Times,Loss,99.20,118.68,false,
2019,4,Eric's Team,Whiskey DITKA,Win,112.88,81.10,false,
2019,4,Whiskey DITKA,Eric's Team,Loss,81.10,112.88,false,
2019,4,angry cat,OBJYN,Loss,73.82,134.70,false,
2019,4,OBJYN,angry cat,Win,134.70,73.82,false,
2019,4,Going Streaking,Al's Team,Loss,89.00,108.98,false,
2019,4,Al's Team,Going Streaking,Win,108.98,89.00,false,
2019,5,Baker Aker FTW,OBJYN,Loss,102.60,158.86,false,
2019,5,OBJYN,Baker Aker FTW,Win,158.86,102.60,false,
2019,5,Good Times,angry cat,Win,147.12,134.72,false,
2019,5,angry cat,Good Times,Loss,134.72,147.12,false,
2019,5,Eric's Team,Gonna Get a TD,Win,125.22,98.74,false,
2019,5,Gonna Get a TD,Eric's Team,Loss,98.74,125.22,false,
2019,5,Going Streaking,Whiskey DITKA,Loss,115.04,151.54,false,
2019,5,Whiskey DITKA,Going Streaking,Win,151.54,115.04,false,
2019,5,Al's Team,PokerA9,Loss,124.64,135.52,false,
2019,5,PokerA9,Al's Team,Win,135.52,124.64,false,
2019,6,Baker Aker FTW,Al's Team,Win,153.46,121.54,false,
2019,6,Al's Team,Baker Aker FTW,Loss,121.54,153.46,false,
2019,6,Good Times,Whiskey DITKA,Win,115.70,60.60,false,
2019,6,Whiskey DITKA,Good Times,Loss,60.60,115.70,false,
2019,6,Eric's Team,Gonna Get a TD,Loss,77.22,130.92,false,
2019,6,Gonna Get a TD,Eric's Team,Win,130.92,77.22,false,
2019,6,angry cat,PokerA9,Loss,77.22,123.90,false,
2019,6,PokerA9,angry cat,Win,123.90,77.22,false,
2019,6,OBJYN,Going Streaking,Loss,105.80,111.76,false,
2019,6,Going Streaking,OBJYN,Win,111.76,105.80,false,
2019,7,Baker Aker FTW,PokerA9,Win,115.88,58.94,false,
2019,7,PokerA9,Baker Aker FTW,Loss,58.94,115.88,false,
2019,7,Good Times,Gonna Get a TD,Loss,62.06,113.34,false,
2019,7,Gonna Get a TD,Good Times,Win,113.34,62.06,false,
2019,7,Eric's Team,Al's Team,Win,140.86,119.72,false,
2019,7,Al's Team,Eric's Team,Loss,119.72,140.86,false,
2019,7,angry cat,Going Streaking,Loss,93.36,127.66,false,
2019,7,Going Streaking,angry cat,Win,127.66,93.36,false,
2019,7,OBJYN,Whiskey DITKA,Loss,93.00,95.52,false,
2019,7,Whiskey DITKA,OBJYN,Win,95.52,93.00,false,
2019,8,Baker Aker FTW,Al's Team,Win,135.76,104.92,false,
2019,8,Al's Team,Baker Aker FTW,Loss,104.92,135.76,false,
2019,8,Good Times,Eric's Team,Loss,126.10,129.10,false,
2019,8,Eric's Team,Good Times,Win,129.10,126.10,false,
2019,8,angry cat,PokerA9,Win,96.38,88.58,false,
2019,8,PokerA9,angry cat,Loss,88.58,96.38,false,
2019,8,OBJYN,Going Streaking,Win,136.84,108.30,false,
2019,8,Going Streaking,OBJYN,Loss,108.30,136.84,false,
2019,8,Gonna Get a TD,Whiskey DITKA,Win,144.98,82.36,false,
2019,8,Whiskey DITKA,Gonna Get a TD,Loss,82.36,144.98,false,
2019,9,Baker Aker FTW,Whiskey DITKA,Loss,69.00,110.74,false,
2019,9,Whiskey DITKA,Baker Aker FTW,Win,110.74,69.00,false,
2019,9,Good Times,Going Streaking,Win,132.34,96.50,false,
2019,9,Going Streaking,Good Times,Loss,96.50,132.34,false,
2019,9,Eric's Team,PokerA9,Loss,79.44,151.42,false,
2019,9,PokerA9,Eric's Team,Win,151.42,79.44,false,
2019,9,angry cat,Gonna Get a TD,Loss,103.86,140.64,false,
2019,9,Gonna Get a TD,angry cat,Win,140.64,103.86,false,
2019,9,OBJYN,Al's Team,Loss,117.56,137.72,false,
2019,9,Al's Team,OBJYN,Win,137.72,117.56,false,
2019,10,Baker Aker FTW,Going Streaking,Loss,82.52,121.20,false,
2019,10,Going Streaking,Baker Aker FTW,Win,121.20,82.52,false,
2019,10,Good Times,OBJYN,Win,123.36,108.62,false,
2019,10,OBJYN,Good Times,Loss,108.62,123.36,false,
2019,10,Eric's Team,angry cat,Loss,118.18,144.08,false,
2019,10,angry cat,Eric's Team,Win,144.08,118.18,false,
2019,10,Gonna Get a TD,PokerA9,Win,128.04,119.18,false,
2019,10,PokerA9,Gonna Get a TD,Loss,119.18,128.04,false,
2019,10,Whiskey DITKA,Al's Team,Loss,93.34,137.32,false,
2019,10,Al's Team,Whiskey DITKA,Win,137.32,93.34,false,
2019,11,Baker Aker FTW,Eric's Team,Loss,115.66,132.02,false,
2019,11,Eric's Team,Baker Aker FTW,Win,132.02,115.66,false,
2019,11,Good Times,Al's Team,Loss,91.54,127.18,false,
2019,11,Al's Team,Good Times,Win,127.18,91.54,false,
2019,11,angry cat,Whiskey DITKA,Win,100.46,83.26,false,
2019,11,Whiskey DITKA,angry cat,Loss,83.26,100.46,false,
2019,11,OBJYN,PokerA9,Win,117.40,75.48,false,
2019,11,PokerA9,OBJYN,Loss,75.48,117.40,false,
2019,11,Gonna Get a TD,Going Streaking,Loss,104.20,117.64,false,
2019,11,Going Streaking,Gonna Get a TD,Win,117.64,104.20,false,
2019,12,Baker Aker FTW,Good Times,Loss,82.18,85.94,false,
2019,12,Good Times,Baker Aker FTW,Win,85.94,82.18,false,
2019,12,Eric's Team,OBJYN,Loss,100.14,153.64,false,
2019,12,OBJYN,Eric's Team,Win,153.64,100.14,false,
2019,12,angry cat,Going Streaking,Loss,71.78,122.40,false,
2019,12,Going Streaking,angry cat,Win,122.40,71.78,false,
2019,12,Gonna Get a TD,Al's Team,Loss,110.78,153.66,false,
2019,12,Al's Team,Gonna Get a TD,Win,153.66,110.78,false,
2019,12,Whiskey DITKA,PokerA9,Win,99.92,61.00,false,
2019,12,PokerA9,Whiskey DITKA,Loss,61.00,99.92,false,
2019,13,Baker Aker FTW,angry cat,Loss,62.80,114.10,false,
2019,13,angry cat,Baker Aker FTW,Win,114.10,62.80,false,
2019,13,Good Times,Gonna Get a TD,Loss,103.38,107.64,false,
2019,13,Gonna Get a TD,Good Times,Win,107.64,103.38,false,
2019,13,Eric's Team,Al's Team,Win,126.74,91.50,false,
2019,13,Al's Team,Eric's Team,Loss,91.50,126.74,false,
2019,13,OBJYN,Whiskey DITKA,Loss,85.02,124.76,false,
2019,13,Whiskey DITKA,OBJYN,Win,124.76,85.02,false,
2019,13,Going Streaking,PokerA9,Win,139.24,93.30,false,
2019,13,PokerA9,Going Streaking,Loss,93.30,139.24,false,
2019,14,Good Times,Al's Team,Win,131.12,95.60,false,
2019,14,Al's Team,Good Times,Loss,95.60,131.12,false,
2019,14,OBJYN,Going Streaking,Loss,123.52,135.58,false,
2019,14,Going Streaking,OBJYN,Win,135.58,123.52,false,
2019,15,Good Times,Gonna Get a TD,Win,131.46,101.60,false,
2019,15,Gonna Get a TD,Good Times,Loss,101.60,131.46,false,
2019,15,Going Streaking,Whiskey DITKA,Win,123.66,84.82,false,
2019,15,Whiskey DITKA,Going Streaking,Loss,84.82,123.66,false,
2019,15,Baker Aker FTW,PokerA9,Win,87.80,73.56,false,
2019,15,PokerA9,Baker Aker FTW,Loss,73.56,87.80,false,
2019,15,Eric's Team,angry cat,Loss,100.32,133.48,false,
2019,15,angry cat,Eric's Team,Win,133.48,100.32,false,
2019,15,OBJYN,Al's Team,Loss,138.98,154.38,false,
2019,15,Al's Team,OBJYN,Win,154.38,138.98,false,
2019,16,Good Times,Going Streaking,Win,115.36,106.48,false,
2019,16,Going Streaking,Good Times,Loss,106.48,115.36,false,
2019,16,Baker Aker FTW,angry cat,Win,99.42,90.60,false,
2019,16,angry cat,Baker Aker FTW,Loss,90.60,99.42,false,
2019,16,Eric's Team,PokerA9,Win,139.64,123.32,false,
2019,16,PokerA9,Eric's Team,Loss,123.32,139.64,false,
2019,16,Gonna Get a TD,Whiskey DITKA,Win,93.24,77.36,false,
2019,16,Whiskey DITKA,Gonna Get a TD,Loss,77.36,93.24,false,
2020,1,Drafted 3 Defenses🤦‍♂️,Eric's Team,Loss,106.92,124.70,false,
2020,1,Eric's Team,Drafted 3 Defenses🤦‍♂️,Win,124.70,106.92,false,
2020,1,Good Times,Big Al,Loss,125.38,129.80,false,
2020,1,Big Al,Good Times,Win,129.80,125.38,false,
2020,1,angry cat,Gonna Get a TD,Loss,96.04,112.34,false,
2020,1,Gonna Get a TD,angry cat,Win,112.34,96.04,false,
2020,1,11 Bar Blues,Going Streaking,Loss,109.42,161.96,false,
2020,1,Going Streaking,11 Bar Blues,Win,161.96,109.42,false,
2020,1,Whiskey DITKA,PokerA9,Loss,106.52,136.98,false,
2020,1,PokerA9,Whiskey DITKA,Win,136.98,106.52,false,
2020,2,Drafted 3 Defenses🤦‍♂️,11 Bar Blues,Loss,126.06,146.54,false,
2020,2,11 Bar Blues,Drafted 3 Defenses🤦‍♂️,Win,146.54,126.06,false,
2020,2,Good Times,PokerA9,Win,116.80,111.72,false,
2020,2,PokerA9,Good Times,Loss,111.72,116.80,false,
2020,2,Eric's Team,Big Al,Loss,99.60,116.56,false,
2020,2,Big Al,Eric's Team,Win,116.56,99.60,false,
2020,2,angry cat,Going Streaking,Win,154.80,139.18,false,
2020,2,Going Streaking,angry cat,Loss,139.18,154.80,false,
2020,2,Gonna Get a TD,Whiskey DITKA,Win,143.58,109.30,false,
2020,2,Whiskey DITKA,Gonna Get a TD,Loss,109.30,143.58,false,
2020,3,Drafted 3 Defenses🤦‍♂️,Going Streaking,Loss,84.24,146.08,false,
2020,3,Going Streaking,Drafted 3 Defenses🤦‍♂️,Win,146.08,84.24,false,
2020,3,Good Times,Whiskey DITKA,Win,152.64,123.16,false,
2020,3,Whiskey DITKA,Good Times,Loss,123.16,152.64,false,
2020,3,Eric's Team,Gonna Get a TD,Loss,102.32,160.40,false,
2020,3,Gonna Get a TD,Eric's Team,Win,160.40,102.32,false,
2020,3,angry cat,PokerA9,Loss,139.18,142.80,false,
2020,3,PokerA9,angry cat,Win,142.80,139.18,false,
2020,3,11 Bar Blues,Big Al,Loss,85.08,109.88,false,
2020,3,Big Al,11 Bar Blues,Win,109.88,85.08,false,
2020,4,Drafted 3 Defenses🤦‍♂️,Big Al,Loss,101.40,142.72,false,
2020,4,Big Al,Drafted 3 Defenses🤦‍♂️,Win,142.72,101.40,false,
2020,4,Good Times,angry cat,Loss,122.42,144.98,false,
2020,4,angry cat,Good Times,Win,144.98,122.42,false,
2020,4,Eric's Team,Going Streaking,Loss,108.08,136.76,false,
2020,4,Going Streaking,Eric's Team,Win,136.76,108.08,false,
2020,4,11 Bar Blues,Whiskey DITKA,Loss,72.70,111.80,false,
2020,4,Whiskey DITKA,11 Bar Blues,Win,111.80,72.70,false,
2020,4,Gonna Get a TD,PokerA9,Loss,116.34,143.80,false,
2020,4,PokerA9,Gonna Get a TD,Win,143.80,116.34,false,
2020,5,Drafted 3 Defenses🤦‍♂️,PokerA9,Loss,95.42,114.78,false,
2020,5,PokerA9,Drafted 3 Defenses🤦‍♂️,Win,114.78,95.42,false,
2020,5,Good Times,Gonna Get a TD,Loss,112.02,117.62,false,
2020,5,Gonna Get a TD,Good Times,Win,117.62,112.02,false,
2020,5,Eric's Team,11 Bar Blues,Win,107.70,105.72,false,
2020,5,11 Bar Blues,Eric's Team,Loss,105.72,107.70,false,
2020,5,angry cat,Whiskey DITKA,Loss,94.34,117.26,false,
2020,5,Whiskey DITKA,angry cat,Win,117.26,94.34,false,
2020,5,Going Streaking,Big Al,Win,140.82,112.50,false,
2020,5,Big Al,Going Streaking,Loss,112.50,140.82,false,
2020,6,Drafted 3 Defenses🤦‍♂️,angry cat,Loss,73.16,104.52,false,
2020,6,angry cat,Drafted 3 Defenses🤦‍♂️,Win,104.52,73.16,false,
2020,6,Good Times,Eric's Team,Win,101.08,94.60,false,
2020,6,Eric's Team,Good Times,Loss,94.60,101.08,false,
2020,6,11 Bar Blues,Gonna Get a TD,Loss,82.38,105.20,false,
2020,6,Gonna Get a TD,11 Bar Blues,Win,105.20,82.38,false,
2020,6,Going Streaking,PokerA9,Loss,99.24,107.84,false,
2020,6,PokerA9,Going Streaking,Win,107.84,99.24,false,
2020,6,Whiskey DITKA,Big Al,Loss,117.60,149.64,false,
2020,6,Big Al,Whiskey DITKA,Win,149.64,117.60,false,
2020,7,Drafted 3 Defenses🤦‍♂️,Good Times,Loss,96.22,136.48,false,
2020,7,Good Times,Drafted 3 Defenses🤦‍♂️,Win,136.48,96.22,false,
2020,7,Eric's Team,Going Streaking,Win,158.02,115.66,false,
2020,7,Going Streaking,Eric's Team,Loss,115.66,158.02,false,
2020,7,angry cat,Whiskey DITKA,Win,145.50,120.86,false,
2020,7,Whiskey DITKA,angry cat,Loss,120.86,145.50,false,
2020,7,11 Bar Blues,PokerA9,Loss,92.92,117.92,false,
2020,7,PokerA9,11 Bar Blues,Win,117.92,92.92,false,
2020,7,Gonna Get a TD,Big Al,Loss,83.80,147.38,false,
2020,7,Big Al,Gonna Get a TD,Win,147.38,83.80,false,
2020,8,Drafted 3 Defenses🤦‍♂️,Whiskey DITKA,Win,129.58,100.44,false,
2020,8,Whiskey DITKA,Drafted 3 Defenses🤦‍♂️,Loss,100.44,129.58,false,
2020,8,Good Times,11 Bar Blues,Loss,63.96,114.46,false,
2020,8,11 Bar Blues,Good Times,Win,114.46,63.96,false,
2020,8,Eric's Team,PokerA9,Loss,95.64,128.54,false,
2020,8,PokerA9,Eric's Team,Win,128.54,95.64,false,
2020,8,angry cat,Big Al,Loss,93.34,96.72,false,
2020,8,Big Al,angry cat,Win,96.72,93.34,false,
2020,8,Gonna Get a TD,Going Streaking,Loss,112.04,112.42,false,
2020,8,Going Streaking,Gonna Get a TD,Win,112.42,112.04,false,
2020,9,Drafted 3 Defenses🤦‍♂️,Eric's Team,Loss,111.20,133.90,false,
2020,9,Eric's Team,Drafted 3 Defenses🤦‍♂️,Win,133.90,111.20,false,
2020,9,Good Times,Going Streaking,Win,110.60,78.86,false,
2020,9,Going Streaking,Good Times,Loss,78.86,110.60,false,
2020,9,angry cat,PokerA9,Loss,92.30,107.20,false,
2020,9,PokerA9,angry cat,Win,107.20,92.30,false,
2020,9,11 Bar Blues,Big Al,Win,105.14,101.94,false,
2020,9,Big Al,11 Bar Blues,Loss,101.94,105.14,false,
2020,9,Gonna Get a TD,Whiskey DITKA,Win,120.48,110.54,false,
2020,9,Whiskey DITKA,Gonna Get a TD,Loss,110.54,120.48,false,
2020,10,Drafted 3 Defenses🤦‍♂️,Gonna Get a TD,Loss,92.88,107.78,false,
2020,10,Gonna Get a TD,Drafted 3 Defenses🤦‍♂️,Win,107.78,92.88,false,
2020,10,Good Times,PokerA9,Win,109.66,69.82,false,
2020,10,PokerA9,Good Times,Loss,69.82,109.66,false,
2020,10,Eric's Team,Whiskey DITKA,Win,114.00,92.42,false,
2020,10,Whiskey DITKA,Eric's Team,Loss,92.42,114.00,false,
2020,10,angry cat,11 Bar Blues,Win,91.70,83.32,false,
2020,10,11 Bar Blues,angry cat,Loss,83.32,91.70,false,
2020,10,Going Streaking,Big Al,Win,135.54,106.78,false,
2020,10,Big Al,Going Streaking,Loss,106.78,135.54,false,
2020,11,Drafted 3 Defenses🤦‍♂️,11 Bar Blues,Win,131.26,103.22,false,
2020,11,11 Bar Blues,Drafted 3 Defenses🤦‍♂️,Loss,103.22,131.26,false,
2020,11,Good Times,angry cat,Win,139.60,99.76,false,
2020,11,angry cat,Good Times,Loss,99.76,139.60,false,
2020,11,Eric's Team,Big Al,Win,123.44,117.04,false,
2020,11,Big Al,Eric's Team,Loss,117.04,123.44,false,
2020,11,Gonna Get a TD,PokerA9,Win,101.22,77.38,false,
2020,11,PokerA9,Gonna Get a TD,Loss,77.38,101.22,false,
2020,11,Going Streaking,Whiskey DITKA,Win,131.44,123.66,false,
2020,11,Whiskey DITKA,Going Streaking,Loss,123.66,131.44,false,
2020,12,Drafted 3 Defenses🤦‍♂️,Big Al,Win,114.88,103.94,false,
2020,12,Big Al,Drafted 3 Defenses🤦‍♂️,Loss,103.94,114.88,false,
2020,12,Good Times,Gonna Get a TD,Loss,93.88,178.68,false,
2020,12,Gonna Get a TD,Good Times,Win,178.68,93.88,false,
2020,12,Eric's Team,angry cat,Win,140.74,121.40,false,
2020,12,angry cat,Eric's Team,Loss,121.40,140.74,false,
2020,12,11 Bar Blues,Going Streaking,Loss,70.30,94.72,false,
2020,12,Going Streaking,11 Bar Blues,Win,94.72,70.30,false,
2020,12,Whiskey DITKA,PokerA9,Win,171.82,119.70,false,
2020,12,PokerA9,Whiskey DITKA,Loss,119.70,171.82,false,
2020,13,Drafted 3 Defenses🤦‍♂️,Going Streaking,Loss,128.10,130.76,false,
2020,13,Going Streaking,Drafted 3 Defenses🤦‍♂️,Win,130.76,128.10,false,
2020,13,Good Times,Whiskey DITKA,Loss,115.80,119.94,false,
2020,13,Whiskey DITKA,Good Times,Win,119.94,115.80,false,
2020,13,Eric's Team,11 Bar Blues,Win,162.20,118.24,false,
2020,13,11 Bar Blues,Eric's Team,Loss,118.24,162.20,false,
2020,13,angry cat,Gonna Get a TD,Loss,82.02,99.62,false,
2020,13,Gonna Get a TD,angry cat,Win,99.62,82.02,false,
2020,13,Big Al,PokerA9,Loss,66.96,108.96,false,
2020,13,PokerA9,Big Al,Win,108.96,66.96,false,
2020,14,Good Times,PokerA9,Loss,110.62,122.92,false,
2020,14,PokerA9,Good Times,Win,122.92,110.62,false,
2020,14,Eric's Team,Big Al,Loss,164.90,167.82,false,
2020,14,Big Al,Eric's Team,Win,167.82,164.90,false,
2020,15,Gonna Get a TD,Big Al,Loss,122.76,140.22,false,
2020,15,Big Al,Gonna Get a TD,Win,140.22,122.76,false,
2020,15,Going Streaking,PokerA9,Win,125.50,102.04,false,
2020,15,PokerA9,Going Streaking,Loss,102.04,125.50,false,
2020,15,Drafted 3 Defenses🤦‍♂️,Whiskey DITKA,Loss,116.24,121.22,false,
2020,15,Whiskey DITKA,Drafted 3 Defenses🤦‍♂️,Win,121.22,116.24,false,
2020,15,Good Times,Eric's Team,Loss,107.66,107.72,false,
2020,15,Eric's Team,Good Times,Win,107.72,107.66,false,
2020,15,angry cat,11 Bar Blues,Win,94.04,89.62,false,
2020,15,11 Bar Blues,angry cat,Loss,89.62,94.04,false,
2020,16,Going Streaking,Big Al,Win,213.42,113.82,false,
2020,16,Big Al,Going Streaking,Loss,113.82,213.42,false,
2020,16,Drafted 3 Defenses🤦‍♂️,11 Bar Blues,Loss,113.54,122.28,false,
2020,16,11 Bar Blues,Drafted 3 Defenses🤦‍♂️,Win,122.28,113.54,false,
2020,16,angry cat,Whiskey DITKA,Loss,101.98,123.16,false,
2020,16,Whiskey DITKA,angry cat,Win,123.16,101.98,false,
2020,16,Gonna Get a TD,PokerA9,Win,105.62,103.40,false,
2020,16,PokerA9,Gonna Get a TD,Loss,103.40,105.62,false,
2021,1,PNW,Good Times,Win,124.16,101.00,false,
2021,1,Good Times,PNW,Loss,101.00,124.16,false,
2021,1,11 Bar Blues,Whiskey DITKA,Win,129.36,87.02,false,
2021,1,Whiskey DITKA,11 Bar Blues,Loss,87.02,129.36,false,
2021,1,Big Al,Going Streaking,Loss,98.70,119.92,false,
2021,1,Going Streaking,Big Al,Win,119.92,98.70,false,
2021,1,Eric's Team,The Bald Beauty,Loss,105.32,129.16,false,
2021,1,The Bald Beauty,Eric's Team,Win,129.16,105.32,false,
2021,1,Gonna Get a TD,PokerA9,Loss,152.18,156.26,false,
2021,1,PokerA9,Gonna Get a TD,Win,156.26,152.18,false,
2021,2,PNW,Going Streaking,Loss,121.94,130.54,false,
2021,2,Going Streaking,PNW,Win,130.54,121.94,false,
2021,2,11 Bar Blues,PokerA9,Loss,95.20,112.18,false,
2021,2,PokerA9,11 Bar Blues,Win,112.18,95.20,false,
2021,2,Big Al,Whiskey DITKA,Win,145.86,130.40,false,
2021,2,Whiskey DITKA,Big Al,Loss,130.40,145.86,false,
2021,2,Eric's Team,Good Times,Loss,105.22,141.16,false,
2021,2,Good Times,Eric's Team,Win,141.16,105.22,false,
2021,2,Gonna Get a TD,The Bald Beauty,Loss,97.82,102.90,false,
2021,2,The Bald Beauty,Gonna Get a TD,Win,102.90,97.82,false,
2021,3,PNW,Big Al,Win,105.48,100.98,false,
2021,3,Big Al,PNW,Loss,100.98,105.48,false,
2021,3,11 Bar Blues,Eric's Team,Loss,96.74,124.94,false,
2021,3,Eric's Team,11 Bar Blues,Win,124.94,96.74,false,
2021,3,Going Streaking,Gonna Get a TD,Win,126.84,79.70,false,
2021,3,Gonna Get a TD,Going Streaking,Loss,79.70,126.84,false,
2021,3,Good Times,Whiskey DITKA,Win,196.02,107.34,false,
2021,3,Whiskey DITKA,Good Times,Loss,107.34,196.02,false,
2021,3,PokerA9,The Bald Beauty,Loss,72.02,86.34,false,
2021,3,The Bald Beauty,PokerA9,Win,86.34,72.02,false,
2021,4,PNW,11 Bar Blues,Win,112.36,109.08,false,
2021,4,11 Bar Blues,PNW,Loss,109.08,112.36,false,
2021,4,Big Al,The Bald Beauty,Win,132.14,125.42,false,
2021,4,The Bald Beauty,Big Al,Loss,125.42,132.14,false,
2021,4,Eric's Team,Whiskey DITKA,Win,129.18,100.92,false,
2021,4,Whiskey DITKA,Eric's Team,Loss,100.92,129.18,false,
2021,4,Going Streaking,PokerA9,Loss,110.62,120.52,false,
2021,4,PokerA9,Going Streaking,Win,120.52,110.62,false,
2021,4,Gonna Get a TD,Good Times,Loss,107.32,114.52,false,
2021,4,Good Times,Gonna Get a TD,Win,114.52,107.32,false,
2021,5,PNW,Eric's Team,Loss,134.44,171.22,false,
2021,5,Eric's Team,PNW,Win,171.22,134.44,false,
2021,5,11 Bar Blues,Big Al,Loss,105.02,179.38,false,
2021,5,Big Al,11 Bar Blues,Win,179.38,105.02,false,
2021,5,Going Streaking,The Bald Beauty,Loss,142.14,155.86,false,
2021,5,The Bald Beauty,Going Streaking,Win,155.86,142.14,false,
2021,5,Gonna Get a TD,Whiskey DITKA,Win,152.98,76.66,false,
2021,5,Whiskey DITKA,Gonna Get a TD,Loss,76.66,152.98,false,
2021,5,Good Times,PokerA9,Win,162.90,81.18,false,
2021,5,PokerA9,Good Times,Loss,81.18,162.90,false,
2021,6,PNW,Whiskey DITKA,Loss,119.74,124.10,false,
2021,6,Whiskey DITKA,PNW,Win,124.10,119.74,false,
2021,6,11 Bar Blues,The Bald Beauty,Loss,114.80,127.46,false,
2021,6,The Bald Beauty,11 Bar Blues,Win,127.46,114.80,false,
2021,6,Big Al,PokerA9,Win,132.68,111.80,false,
2021,6,PokerA9,Big Al,Loss,111.80,132.68,false,
2021,6,Eric's Team,Gonna Get a TD,Win,121.40,120.18,false,
2021,6,Gonna Get a TD,Eric's Team,Loss,120.18,121.40,false,
2021,6,Going Streaking,Good Times,Loss,125.34,139.02,false,
2021,6,Good Times,Going Streaking,Win,139.02,125.34,false,
2021,7,PNW,The Bald Beauty,Win,123.36,112.34,false,
2021,7,The Bald Beauty,PNW,Loss,112.34,123.36,false,
2021,7,11 Bar Blues,Gonna Get a TD,Win,119.04,107.24,false,
2021,7,Gonna Get a TD,11 Bar Blues,Loss,107.24,119.04,false,
2021,7,Big Al,Good Times,Win,114.58,110.10,false,
2021,7,Good Times,Big Al,Loss,110.10,114.58,false,
2021,7,Eric's Team,PokerA9,Win,121.62,85.34,false,
2021,7,PokerA9,Eric's Team,Loss,85.34,121.62,false,
2021,7,Going Streaking,Whiskey DITKA,Win,145.88,99.86,false,
2021,7,Whiskey DITKA,Going Streaking,Loss,99.86,145.88,false,
2021,8,PNW,Good Times,Loss,147.04,150.46,false,
2021,8,Good Times,PNW,Win,150.46,147.04,false,
2021,8,11 Bar Blues,The Bald Beauty,Win,91.42,82.06,false,
2021,8,The Bald Beauty,11 Bar Blues,Loss,82.06,91.42,false,
2021,8,Big Al,Going Streaking,Loss,98.68,117.76,false,
2021,8,Going Streaking,Big Al,Win,117.76,98.68,false,
2021,8,Eric's Team,Gonna Get a TD,Loss,75.22,102.40,false,
2021,8,Gonna Get a TD,Eric's Team,Win,102.40,75.22,false,
2021,8,PokerA9,Whiskey DITKA,Loss,90.34,100.56,false,
2021,8,Whiskey DITKA,PokerA9,Win,100.56,90.34,false,
2021,9,PNW,PokerA9,Loss,53.16,91.08,false,
2021,9,PokerA9,PNW,Win,91.08,53.16,false,
2021,9,11 Bar Blues,Good Times,Loss,99.78,107.16,false,
2021,9,Good Times,11 Bar Blues,Win,107.16,99.78,false,
2021,9,Big Al,Gonna Get a TD,Win,140.04,93.24,false,
2021,9,Gonna Get a TD,Big Al,Loss,93.24,140.04,false,
2021,9,Eric's Team,Going Streaking,Win,144.04,112.48,false,
2021,9,Going Streaking,Eric's Team,Loss,112.48,144.04,false,
2021,9,Whiskey DITKA,The Bald Beauty,Win,99.38,88.16,false,
2021,9,The Bald Beauty,Whiskey DITKA,Loss,88.16,99.38,false,
2021,10,PNW,Gonna Get a TD,Win,128.20,126.74,false,
2021,10,Gonna Get a TD,PNW,Loss,126.74,128.20,false,
2021,10,11 Bar Blues,Going Streaking,Loss,99.62,115.12,false,
2021,10,Going Streaking,11 Bar Blues,Win,115.12,99.62,false,
2021,10,Big Al,Eric's Team,Loss,101.12,111.60,false,
2021,10,Eric's Team,Big Al,Win,111.60,101.12,false,
2021,10,Good Times,The Bald Beauty,Win,114.94,74.48,false,
2021,10,The Bald Beauty,Good Times,Loss,74.48,114.94,false,
2021,10,PokerA9,Whiskey DITKA,Win,98.44,79.58,false,
2021,10,Whiskey DITKA,PokerA9,Loss,79.58,98.44,false,
2021,11,PNW,Going Streaking,Loss,101.38,109.78,false,
2021,11,Going Streaking,PNW,Win,109.78,101.38,false,
2021,11,11 Bar Blues,PokerA9,Win,118.32,88.44,false,
2021,11,PokerA9,11 Bar Blues,Loss,88.44,118.32,false,
2021,11,Big Al,Whiskey DITKA,Win,140.62,126.30,false,
2021,11,Whiskey DITKA,Big Al,Loss,126.30,140.62,false,
2021,11,Eric's Team,The Bald Beauty,Win,175.48,102.04,false,
2021,11,The Bald Beauty,Eric's Team,Loss,102.04,175.48,false,
2021,11,Gonna Get a TD,Good Times,Loss,71.60,163.76,false,
2021,11,Good Times,Gonna Get a TD,Win,163.76,71.60,false,
2021,12,PNW,Big Al,Loss,72.74,129.80,false,
2021,12,Big Al,PNW,Win,129.80,72.74,false,
2021,12,11 Bar Blues,Gonna Get a TD,Loss,89.90,97.80,false,
2021,12,Gonna Get a TD,11 Bar Blues,Win,97.80,89.90,false,
2021,12,Eric's Team,Going Streaking,Win,115.38,89.96,false,
2021,12,Going Streaking,Eric's Team,Loss,89.96,115.38,false,
2021,12,Good Times,Whiskey DITKA,Win,145.10,107.58,false,
2021,12,Whiskey DITKA,Good Times,Loss,107.58,145.10,false,
2021,12,PokerA9,The Bald Beauty,Loss,108.80,112.60,false,
2021,12,The Bald Beauty,PokerA9,Win,112.60,108.80,false,
2021,13,PNW,Whiskey DITKA,Win,104.22,99.22,false,
2021,13,Whiskey DITKA,PNW,Loss,99.22,104.22,false,
2021,13,11 Bar Blues,Big Al,Win,105.20,88.02,false,
2021,13,Big Al,11 Bar Blues,Loss,88.02,105.20,false,
2021,13,Eric's Team,PokerA9,Win,167.58,112.62,false,
2021,13,PokerA9,Eric's Team,Loss,112.62,167.58,false,
2021,13,Going Streaking,Good Times,Loss,86.50,145.90,false,
2021,13,Good Times,Going Streaking,Win,145.90,86.50,false,
2021,13,Gonna Get a TD,The Bald Beauty,Loss,95.06,122.42,false,
2021,13,The Bald Beauty,Gonna Get a TD,Win,122.42,95.06,false,
2021,14,PNW,The Bald Beauty,Loss,109.68,121.42,false,
2021,14,The Bald Beauty,PNW,Win,121.42,109.68,false,
2021,14,11 Bar Blues,Eric's Team,Loss,115.82,143.20,false,
2021,14,Eric's Team,11 Bar Blues,Win,143.20,115.82,false,
2021,14,Big Al,Good Times,Loss,92.58,177.22,false,
2021,14,Good Times,Big Al,Win,177.22,92.58,false,
2021,14,Going Streaking,Whiskey DITKA,Loss,100.74,117.44,false,
2021,14,Whiskey DITKA,Going Streaking,Win,117.44,100.74,false,
2021,14,Gonna Get a TD,PokerA9,Win,106.42,99.42,false,
2021,14,PokerA9,Gonna Get a TD,Loss,99.42,106.42,false,
2022,1,PNW🏔,Fuck It Kupp It,Loss,100.68,121.52,false,
2022,1,Fuck It Kupp It,PNW🏔,Win,121.52,100.68,false,
2022,1,11 Bar Blues,Gonna Get a TD,Loss,95.62,128.20,false,
2022,1,Gonna Get a TD,11 Bar Blues,Win,128.20,95.62,false,
2022,1,Big Al,Good Times,Loss,127.42,132.38,false,
2022,1,Good Times,Big Al,Win,132.38,127.42,false,
2022,1,Eric's Team,Carmala,Win,158.46,78.80,false,
2022,1,Carmala,Eric's Team,Loss,78.80,158.46,false,
2022,1,Mini DITKA,The Bald Beauty,Loss,72.70,113.22,false,
2022,1,The Bald Beauty,Mini DITKA,Win,113.22,72.70,false,
2022,2,PNW🏔,Big Al,Loss,121.20,164.32,false,
2022,2,Big Al,PNW🏔,Win,164.32,121.20,false,
2022,2,11 Bar Blues,The Bald Beauty,Loss,93.36,128.18,false,
2022,2,The Bald Beauty,11 Bar Blues,Win,128.18,93.36,false,
2022,2,Eric's Team,Good Times,Loss,95.36,135.08,false,
2022,2,Good Times,Eric's Team,Win,135.08,95.36,false,
2022,2,Fuck It Kupp It,Mini DITKA,Loss,114.42,126.76,false,
2022,2,Mini DITKA,Fuck It Kupp It,Win,126.76,114.42,false,
2022,2,Gonna Get a TD,Carmala,Win,124.50,84.06,false,
2022,2,Carmala,Gonna Get a TD,Loss,84.06,124.50,false,
2022,3,PNW🏔,Gonna Get a TD,Loss,87.74,112.58,false,
2022,3,Gonna Get a TD,PNW🏔,Win,112.58,87.74,false,
2022,3,11 Bar Blues,Carmala,Win,114.00,68.36,false,
2022,3,Carmala,11 Bar Blues,Loss,68.36,114.00,false,
2022,3,Big Al,Fuck It Kupp It,Win,141.12,100.90,false,
2022,3,Fuck It Kupp It,Big Al,Loss,100.90,141.12,false,
2022,3,Eric's Team,The Bald Beauty,Win,97.28,79.06,false,
2022,3,The Bald Beauty,Eric's Team,Loss,79.06,97.28,false,
2022,3,Good Times,Mini DITKA,Win,107.90,100.20,false,
2022,3,Mini DITKA,Good Times,Loss,100.20,107.90,false,
2022,4,PNW🏔,11 Bar Blues,Win,130.50,116.58,false,
2022,4,11 Bar Blues,PNW🏔,Loss,116.58,130.50,false,
2022,4,Big Al,The Bald Beauty,Win,93.46,85.58,false,
2022,4,The Bald Beauty,Big Al,Loss,85.58,93.46,false,
2022,4,Eric's Team,Mini DITKA,Win,143.00,141.24,false,
2022,4,Mini DITKA,Eric's Team,Loss,141.24,143.00,false,
2022,4,Fuck It Kupp It,Carmala,Loss,102.26,139.48,false,
2022,4,Carmala,Fuck It Kupp It,Win,139.48,102.26,false,
2022,4,Gonna Get a TD,Good Times,Loss,107.06,119.72,false,
2022,4,Good Times,Gonna Get a TD,Win,119.72,107.06,false,
2022,5,PNW🏔,Carmala,Loss,106.64,107.14,false,
2022,5,Carmala,PNW🏔,Win,107.14,106.64,false,
2022,5,11 Bar Blues,Good Times,Loss,88.78,166.86,false,
2022,5,Good Times,11 Bar Blues,Win,166.86,88.78,false,
2022,5,Big Al,Eric's Team,Loss,117.86,136.44,false,
2022,5,Eric's Team,Big Al,Win,136.44,117.86,false,
2022,5,Fuck It Kupp It,The Bald Beauty,Win,114.46,102.40,false,
2022,5,The Bald Beauty,Fuck It Kupp It,Loss,102.40,114.46,false,
2022,5,Gonna Get a TD,Mini DITKA,Loss,117.58,119.48,false,
2022,5,Mini DITKA,Gonna Get a TD,Win,119.48,117.58,false,
2022,6,PNW🏔,Good Times,Loss,88.62,123.06,false,
2022,6,Good Times,PNW🏔,Win,123.06,88.62,false,
2022,6,11 Bar Blues,Fuck It Kupp It,Win,111.24,93.40,false,
2022,6,Fuck It Kupp It,11 Bar Blues,Loss,93.40,111.24,false,
2022,6,Big Al,Mini DITKA,Win,119.10,84.94,false,
2022,6,Mini DITKA,Big Al,Loss,84.94,119.10,false,
2022,6,Eric's Team,Gonna Get a TD,Win,104.62,95.52,false,
2022,6,Gonna Get a TD,Eric's Team,Loss,95.52,104.62,false,
2022,6,Carmala,The Bald Beauty,Win,82.12,76.38,false,
2022,6,The Bald Beauty,Carmala,Loss,76.38,82.12,false,
2022,7,PNW🏔,Mini DITKA,Loss,62.54,94.96,false,
2022,7,Mini DITKA,PNW🏔,Win,94.96,62.54,false,
2022,7,11 Bar Blues,Eric's Team,Loss,106.24,107.62,false,
2022,7,Eric's Team,11 Bar Blues,Win,107.62,106.24,false,
2022,7,Big Al,Carmala,Loss,86.40,125.64,false,
2022,7,Carmala,Big Al,Win,125.64,86.40,false,
2022,7,Fuck It Kupp It,Good Times,Loss,101.78,129.38,false,
2022,7,Good Times,Fuck It Kupp It,Win,129.38,101.78,false,
2022,7,Gonna Get a TD,The Bald Beauty,Win,140.52,119.56,false,
2022,7,The Bald Beauty,Gonna Get a TD,Loss,119.56,140.52,false,
2022,8,PNW🏔,Fuck It Kupp It,Loss,99.38,130.46,false,
2022,8,Fuck It Kupp It,PNW🏔,Win,130.46,99.38,false,
2022,8,11 Bar Blues,Mini DITKA,Win,141.52,87.72,false,
2022,8,Mini DITKA,11 Bar Blues,Loss,87.72,141.52,false,
2022,8,Big Al,Good Times,Loss,129.22,155.92,false,
2022,8,Good Times,Big Al,Win,155.92,129.22,false,
2022,8,Eric's Team,Gonna Get a TD,Loss,114.08,146.08,false,
2022,8,Gonna Get a TD,Eric's Team,Win,146.08,114.08,false,
2022,8,Carmala,The Bald Beauty,Loss,77.34,123.24,false,
2022,8,The Bald Beauty,Carmala,Win,123.24,77.34,false,
2022,9,PNW🏔,Eric's Team,Loss,114.08,115.80,false,
2022,9,Eric's Team,PNW🏔,Win,115.80,114.08,false,
2022,9,11 Bar Blues,Big Al,Loss,84.74,149.42,false,
2022,9,Big Al,11 Bar Blues,Win,149.42,84.74,false,
2022,9,Fuck It Kupp It,Gonna Get a TD,Loss,108.92,118.54,false,
2022,9,Gonna Get a TD,Fuck It Kupp It,Win,118.54,108.92,false,
2022,9,Good Times,The Bald Beauty,Win,141.00,84.90,false,
2022,9,The Bald Beauty,Good Times,Loss,84.90,141.00,false,
2022,9,Carmala,Mini DITKA,Loss,72.76,98.64,false,
2022,9,Mini DITKA,Carmala,Win,98.64,72.76,false,
2022,10,PNW🏔,The Bald Beauty,Win,112.70,49.10,false,
2022,10,The Bald Beauty,PNW🏔,Loss,49.10,112.70,false,
2022,10,11 Bar Blues,Mini DITKA,Loss,88.40,92.66,false,
2022,10,Mini DITKA,11 Bar Blues,Win,92.66,88.40,false,
2022,10,Big Al,Gonna Get a TD,Loss,102.26,110.64,false,
2022,10,Gonna Get a TD,Big Al,Win,110.64,102.26,false,
2022,10,Eric's Team,Fuck It Kupp It,Win,142.34,130.30,false,
2022,10,Fuck It Kupp It,Eric's Team,Loss,130.30,142.34,false,
2022,10,Good Times,Carmala,Win,94.80,79.44,false,
2022,10,Carmala,Good Times,Loss,79.44,94.80,false,
2022,11,PNW🏔,Big Al,Win,112.12,105.42,false,
2022,11,Big Al,PNW🏔,Loss,105.42,112.12,false,
2022,11,11 Bar Blues,The Bald Beauty,Loss,81.20,97.42,false,
2022,11,The Bald Beauty,11 Bar Blues,Win,97.42,81.20,false,
2022,11,Eric's Team,Carmala,Loss,121.30,125.68,false,
2022,11,Carmala,Eric's Team,Win,125.68,121.30,false,
2022,11,Fuck It Kupp It,Mini DITKA,Win,119.40,115.68,false,
2022,11,Mini DITKA,Fuck It Kupp It,Loss,115.68,119.40,false,
2022,11,Gonna Get a TD,Good Times,Loss,89.36,148.88,false,
2022,11,Good Times,Gonna Get a TD,Win,148.88,89.36,false,
2022,12,PNW🏔,Eric's Team,Loss,127.26,148.36,false,
2022,12,Eric's Team,PNW🏔,Win,148.36,127.26,false,
2022,12,11 Bar Blues,Carmala,Loss,82.10,140.30,false,
2022,12,Carmala,11 Bar Blues,Win,140.30,82.10,false,
2022,12,Big Al,Fuck It Kupp It,Loss,99.96,155.66,false,
2022,12,Fuck It Kupp It,Big Al,Win,155.66,99.96,false,
2022,12,Gonna Get a TD,The Bald Beauty,Win,116.70,93.44,false,
2022,12,The Bald Beauty,Gonna Get a TD,Loss,93.44,116.70,false,
2022,12,Good Times,Mini DITKA,Loss,110.52,117.94,false,
2022,12,Mini DITKA,Good Times,Win,117.94,110.52,false,
2022,13,PNW🏔,Good Times,Win,122.90,116.82,false,
2022,13,Good Times,PNW🏔,Loss,116.82,122.90,false,
2022,13,11 Bar Blues,Eric's Team,Win,144.08,132.00,false,
2022,13,Eric's Team,11 Bar Blues,Loss,132.00,144.08,false,
2022,13,Big Al,Mini DITKA,Loss,79.94,110.16,false,
2022,13,Mini DITKA,Big Al,Win,110.16,79.94,false,
2022,13,Fuck It Kupp It,The Bald Beauty,Win,106.20,90.90,false,
2022,13,The Bald Beauty,Fuck It Kupp It,Loss,90.90,106.20,false,
2022,13,Gonna Get a TD,Carmala,Win,118.02,97.60,false,
2022,13,Carmala,Gonna Get a TD,Loss,97.60,118.02,false,
2022,14,PNW🏔,Mini DITKA,Win,113.00,94.02,false,
2022,14,Mini DITKA,PNW🏔,Loss,94.02,113.00,false,
2022,14,11 Bar Blues,Gonna Get a TD,Win,111.16,109.48,false,
2022,14,Gonna Get a TD,11 Bar Blues,Loss,109.48,111.16,false,
2022,14,Big Al,Carmala,Loss,89.60,95.08,false,
2022,14,Carmala,Big Al,Win,95.08,89.60,false,
2022,14,Eric's Team,The Bald Beauty,Loss,114.08,142.10,false,
2022,14,The Bald Beauty,Eric's Team,Win,142.10,114.08,false,
2022,14,Fuck It Kupp It,Good Times,Win,121.58,105.88,false,
2022,14,Good Times,Fuck It Kupp It,Loss,105.88,121.58,false,
2022,15,Eric's Team,Carmala,Win,152.10,118.24,false,
2022,15,Carmala,Eric's Team,Loss,118.24,152.10,false,
2022,15,Fuck It Kupp It,Mini DITKA,Loss,104.32,106.62,false,
2022,15,Mini DITKA,Fuck It Kupp It,Win,106.62,104.32,false,
2022,16,Eric's Team,Gonna Get a TD,Win,133.90,113.86,false,
2022,16,Gonna Get a TD,Eric's Team,Loss,113.86,133.90,false,
2022,16,Good Times,Mini DITKA,Win,136.28,128.92,false,
2022,16,Mini DITKA,Good Times,Loss,128.92,136.28,false,
2022,16,PNW🏔,11 Bar Blues,Loss,68.50,97.10,false,
2022,16,11 Bar Blues,PNW🏔,Win,97.10,68.50,false,
2022,16,Big Al,The Bald Beauty,Loss,92.96,108.10,false,
2022,16,The Bald Beauty,Big Al,Win,108.10,92.96,false,
2022,16,Fuck It Kupp It,Carmala,Loss,73.70,79.26,false,
2022,16,Carmala,Fuck It Kupp It,Win,79.26,73.70,false,
2022,17,Eric's Team,Good Times,Loss,80.56,92.60,false,
2022,17,Good Times,Eric's Team,Win,92.60,80.56,false,
2022,17,PNW🏔,Big Al,Loss,35.60,36.90,false,
2022,17,Big Al,PNW🏔,Win,36.90,35.60,false,
2022,17,11 Bar Blues,The Bald Beauty,Win,127.90,103.10,false,
2022,17,The Bald Beauty,11 Bar Blues,Loss,103.10,127.90,false,
2022,17,Gonna Get a TD,Mini DITKA,Win,117.32,45.28,false,
2022,17,Mini DITKA,Gonna Get a TD,Loss,45.28,117.32,false,
2023,1,PNW🌲,Eric's Team,Loss,87.24,124.50,false,
2023,1,Eric's Team,PNW🌲,Win,124.50,87.24,false,
2023,1,11 Bar Blues,Good Times,Loss,78.08,133.74,false,
2023,1,Good Times,11 Bar Blues,Win,133.74,78.08,false,
2023,1,Big Al,The Bald Beauty,Loss,75.46,115.04,false,
2023,1,The Bald Beauty,Big Al,Win,115.04,75.46,false,
2023,1,Carmala,Gonna Get a TD,Loss,102.36,102.54,false,
2023,1,Gonna Get a TD,Carmala,Win,102.54,102.36,false,
2023,1,Mini DITKA,The Big Dog,Loss,71.22,100.26,false,
2023,1,The Big Dog,Mini DITKA,Win,100.26,71.22,false,
2023,2,PNW🌲,Good Times,Loss,99.94,124.76,false,
2023,2,Good Times,PNW🌲,Win,124.76,99.94,false,
2023,2,11 Bar Blues,Mini DITKA,Win,122.68,103.60,false,
2023,2,Mini DITKA,11 Bar Blues,Loss,103.60,122.68,false,
2023,2,Big Al,Gonna Get a TD,Win,133.08,80.20,false,
2023,2,Gonna Get a TD,Big Al,Loss,80.20,133.08,false,
2023,2,Carmala,The Big Dog,Win,112.10,86.80,false,
2023,2,The Big Dog,Carmala,Loss,86.80,112.10,false,
2023,2,Eric's Team,The Bald Beauty,Win,142.62,95.84,false,
2023,2,The Bald Beauty,Eric's Team,Loss,95.84,142.62,false,
2023,3,PNW🌲,The Bald Beauty,Loss,115.86,149.96,false,
2023,3,The Bald Beauty,PNW🌲,Win,149.96,115.86,false,
2023,3,11 Bar Blues,Gonna Get a TD,Win,123.52,93.08,false,
2023,3,Gonna Get a TD,11 Bar Blues,Loss,93.08,123.52,false,
2023,3,Big Al,Good Times,Win,167.28,111.02,false,
2023,3,Good Times,Big Al,Loss,111.02,167.28,false,
2023,3,Carmala,Mini DITKA,Win,130.96,95.96,false,
2023,3,Mini DITKA,Carmala,Loss,95.96,130.96,false,
2023,3,Eric's Team,The Big Dog,Loss,104.68,138.30,false,
2023,3,The Big Dog,Eric's Team,Win,138.30,104.68,false,
2023,4,PNW🌲,Carmala,Loss,101.48,126.68,false,
2023,4,Carmala,PNW🌲,Win,126.68,101.48,false,
2023,4,11 Bar Blues,The Bald Beauty,Win,126.90,111.80,false,
2023,4,The Bald Beauty,11 Bar Blues,Loss,111.80,126.90,false,
2023,4,Big Al,The Big Dog,Win,140.12,99.58,false,
2023,4,The Big Dog,Big Al,Loss,99.58,140.12,false,
2023,4,Eric's Team,Mini DITKA,Win,139.06,73.96,false,
2023,4,Mini DITKA,Eric's Team,Loss,73.96,139.06,false,
2023,4,Gonna Get a TD,Good Times,Win,109.42,92.00,false,
2023,4,Good Times,Gonna Get a TD,Loss,92.00,109.42,false,
2023,5,PNW🌲,11 Bar Blues,Win,113.60,106.12,false,
2023,5,11 Bar Blues,PNW🌲,Loss,106.12,113.60,false,
2023,5,Big Al,Mini DITKA,Loss,89.94,97.16,false,
2023,5,Mini DITKA,Big Al,Win,97.16,89.94,false,
2023,5,Carmala,Eric's Team,Loss,101.76,147.82,false,
2023,5,Eric's Team,Carmala,Win,147.82,101.76,false,
2023,5,Gonna Get a TD,The Bald Beauty,Loss,121.44,135.42,false,
2023,5,The Bald Beauty,Gonna Get a TD,Win,135.42,121.44,false,
2023,5,Good Times,The Big Dog,Win,131.56,102.38,false,
2023,5,The Big Dog,Good Times,Loss,102.38,131.56,false,
2023,6,PNW🌲,Mini DITKA,Win,109.74,80.84,false,
2023,6,Mini DITKA,PNW🌲,Loss,80.84,109.74,false,
2023,6,11 Bar Blues,Carmala,Win,120.20,89.22,false,
2023,6,Carmala,11 Bar Blues,Loss,89.22,120.20,false,
2023,6,Big Al,Eric's Team,Win,142.32,125.50,false,
2023,6,Eric's Team,Big Al,Loss,125.50,142.32,false,
2023,6,Gonna Get a TD,The Big Dog,Loss,69.44,90.18,false,
2023,6,The Big Dog,Gonna Get a TD,Win,90.18,69.44,false,
2023,6,Good Times,The Bald Beauty,Win,116.76,87.32,false,
2023,6,The Bald Beauty,Good Times,Loss,87.32,116.76,false,
2023,7,PNW🌲,Big Al,Loss,131.06,133.88,false,
2023,7,Big Al,PNW🌲,Win,133.88,131.06,false,
2023,7,11 Bar Blues,The Big Dog,Win,102.36,78.78,false,
2023,7,The Big Dog,11 Bar Blues,Loss,78.78,102.36,false,
2023,7,Carmala,The Bald Beauty,Loss,74.84,90.94,false,
2023,7,The Bald Beauty,Carmala,Win,90.94,74.84,false,
2023,7,Eric's Team,Good Times,Win,143.16,90.60,false,
2023,7,Good Times,Eric's Team,Loss,90.60,143.16,false,
2023,7,Gonna Get a TD,Mini DITKA,Win,124.66,91.62,false,
2023,7,Mini DITKA,Gonna Get a TD,Loss,91.62,124.66,false,
2023,8,PNW🌲,Eric's Team,Loss,122.48,134.26,false,
2023,8,Eric's Team,PNW🌲,Win,134.26,122.48,false,
2023,8,11 Bar Blues,Carmala,Win,137.72,114.10,false,
2023,8,Carmala,11 Bar Blues,Loss,114.10,137.72,false,
2023,8,Big Al,The Bald Beauty,Loss,100.28,151.56,false,
2023,8,The Bald Beauty,Big Al,Win,151.56,100.28,false,
2023,8,Gonna Get a TD,The Big Dog,Win,116.10,87.32,false,
2023,8,The Big Dog,Gonna Get a TD,Loss,87.32,116.10,false,
2023,8,Good Times,Mini DITKA,Win,123.06,105.96,false,
2023,8,Mini DITKA,Good Times,Loss,105.96,123.06,false,
2023,9,PNW🌲,The Big Dog,Win,83.62,74.14,false,
2023,9,The Big Dog,PNW🌲,Loss,74.14,83.62,false,
2023,9,11 Bar Blues,Big Al,Loss,102.62,102.98,false,
2023,9,Big Al,11 Bar Blues,Win,102.98,102.62,false,
2023,9,Carmala,Good Times,Win,96.54,87.32,false,
2023,9,Good Times,Carmala,Loss,87.32,96.54,false,
2023,9,Eric's Team,Gonna Get a TD,Loss,105.98,118.10,false,
2023,9,Gonna Get a TD,Eric's Team,Win,118.10,105.98,false,
2023,9,Mini DITKA,The Bald Beauty,Loss,68.70,77.02,false,
2023,9,The Bald Beauty,Mini DITKA,Win,77.02,68.70,false,
2023,10,PNW🌲,Gonna Get a TD,Win,143.64,89.36,false,
2023,10,Gonna Get a TD,PNW🌲,Loss,89.36,143.64,false,
2023,10,11 Bar Blues,Eric's Team,Win,156.28,113.42,false,
2023,10,Eric's Team,11 Bar Blues,Loss,113.42,156.28,false,
2023,10,Big Al,Carmala,Loss,88.12,115.10,false,
2023,10,Carmala,Big Al,Win,115.10,88.12,false,
2023,10,Good Times,Mini DITKA,Loss,88.98,104.96,false,
2023,10,Mini DITKA,Good Times,Win,104.96,88.98,false,
2023,10,The Bald Beauty,The Big Dog,Loss,105.92,133.22,false,
2023,10,The Big Dog,The Bald Beauty,Win,133.22,105.92,false,
2023,11,PNW🌲,Good Times,Loss,107.74,128.40,false,
2023,11,Good Times,PNW🌲,Win,128.40,107.74,false,
2023,11,11 Bar Blues,Mini DITKA,Win,118.14,73.96,false,
2023,11,Mini DITKA,11 Bar Blues,Loss,73.96,118.14,false,
2023,11,Big Al,The Big Dog,Win,93.56,84.30,false,
2023,11,The Big Dog,Big Al,Loss,84.30,93.56,false,
2023,11,Carmala,Gonna Get a TD,Win,127.74,114.08,false,
2023,11,Gonna Get a TD,Carmala,Loss,114.08,127.74,false,
2023,11,Eric's Team,The Bald Beauty,Win,145.10,88.30,false,
2023,11,The Bald Beauty,Eric's Team,Loss,88.30,145.10,false,
2023,12,PNW🌲,The Bald Beauty,Win,137.36,81.48,false,
2023,12,The Bald Beauty,PNW🌲,Loss,81.48,137.36,false,
2023,12,11 Bar Blues,The Big Dog,Win,107.56,83.06,false,
2023,12,The Big Dog,11 Bar Blues,Loss,83.06,107.56,false,
2023,12,Big Al,Good Times,Loss,113.98,138.96,false,
2023,12,Good Times,Big Al,Win,138.96,113.98,false,
2023,12,Carmala,Mini DITKA,Win,112.86,111.14,false,
2023,12,Mini DITKA,Carmala,Loss,111.14,112.86,false,
2023,12,Eric's Team,Gonna Get a TD,Win,160.30,99.22,false,
2023,12,Gonna Get a TD,Eric's Team,Loss,99.22,160.30,false,
2023,13,PNW🌲,11 Bar Blues,Win,146.56,93.04,false,
2023,13,11 Bar Blues,PNW🌲,Loss,93.04,146.56,false,
2023,13,Big Al,Eric's Team,Loss,91.60,98.22,false,
2023,13,Eric's Team,Big Al,Win,98.22,91.60,false,
2023,13,Carmala,The Big Dog,Loss,99.16,123.38,false,
2023,13,The Big Dog,Carmala,Win,123.38,99.16,false,
2023,13,Gonna Get a TD,Mini DITKA,Loss,72.30,155.06,false,
2023,13,Mini DITKA,Gonna Get a TD,Win,155.06,72.30,false,
2023,13,Good Times,The Bald Beauty,Loss,122.04,155.02,false,
2023,13,The Bald Beauty,Good Times,Win,155.02,122.04,false,
2023,14,PNW🌲,Big Al,Win,124.12,115.84,false,
2023,14,Big Al,PNW🌲,Loss,115.84,124.12,false,
2023,14,11 Bar Blues,Gonna Get a TD,Win,118.36,76.44,false,
2023,14,Gonna Get a TD,11 Bar Blues,Loss,76.44,118.36,false,
2023,14,Carmala,The Bald Beauty,Loss,74.82,113.92,false,
2023,14,The Bald Beauty,Carmala,Win,113.92,74.82,false,
2023,14,Eric's Team,Good Times,Win,115.18,110.92,false,
2023,14,Good Times,Eric's Team,Loss,110.92,115.18,false,
2023,14,Mini DITKA,The Big Dog,Loss,98.34,100.32,false,
2023,14,The Big Dog,Mini DITKA,Win,100.32,98.34,false,
2023,15,PNW🌲,Good Times,Loss,102.66,114.36,false,
2023,15,Good Times,PNW🌲,Win,114.36,102.66,false,
2023,15,Big Al,The Bald Beauty,Win,106.04,82.46,false,
2023,15,The Bald Beauty,Big Al,Loss,82.46,106.04,false,
2023,16,11 Bar Blues,Big Al,Loss,91.38,101.56,false,
2023,16,Big Al,11 Bar Blues,Win,101.56,91.38,false,
2023,16,Eric's Team,Good Times,Win,158.44,117.18,false,
2023,16,Good Times,Eric's Team,Loss,117.18,158.44,false,
2023,16,PNW🌲,The Bald Beauty,Loss,102.16,103.30,false,
2023,16,The Bald Beauty,PNW🌲,Win,103.30,102.16,false,
2023,16,Carmala,Mini DITKA,Win,130.32,69.02,false,
2023,16,Mini DITKA,Carmala,Loss,69.02,130.32,false,
2023,16,Gonna Get a TD,The Big Dog,Win,75.70,60.40,false,
2023,16,The Big Dog,Gonna Get a TD,Loss,60.40,75.70,false,
2023,17,Big Al,Eric's Team,Loss,109.14,147.88,false,
2023,17,Eric's Team,Big Al,Win,147.88,109.14,false,
2023,17,11 Bar Blues,Good Times,Win,111.96,86.36,false,
2023,17,Good Times,11 Bar Blues,Loss,86.36,111.96,false,
2023,17,Carmala,Gonna Get a TD,Win,86.88,77.20,false,
2023,17,Gonna Get a TD,Carmala,Loss,77.20,86.88,false,
2023,17,Mini DITKA,The Big Dog,Loss,77.00,87.90,false,
2023,17,The Big Dog,Mini DITKA,Win,87.90,77.00,false,
2024,1,Kickin' Balls,Good Times,Loss,97.20,133.58,false,
2024,1,Good Times,Kickin' Balls,Win,133.58,97.20,false,
2024,1,11 Bar Blues,Big Al,Loss,91.86,109.92,false,
2024,1,Big Al,11 Bar Blues,Win,109.92,91.86,false,
2024,1,Aro High,The Big Dog,Win,101.78,78.74,false,
2024,1,The Big Dog,Aro High,Loss,78.74,101.78,false,
2024,1,Eric's Team,The Bald Beauty,Win,113.06,110.32,false,
2024,1,The Bald Beauty,Eric's Team,Loss,110.32,113.06,false,
2024,1,Gonna Get a TD,Mini DITKA,Loss,82.94,127.28,false,
2024,1,Mini DITKA,Gonna Get a TD,Win,127.28,82.94,false,
2024,2,Kickin' Balls,The Bald Beauty,Win,150.30,137.62,false,
2024,2,The Bald Beauty,Kickin' Balls,Loss,137.62,150.30,false,
2024,2,11 Bar Blues,Aro High,Win,149.54,101.64,false,
2024,2,Aro High,11 Bar Blues,Loss,101.64,149.54,false,
2024,2,Big Al,Eric's Team,Loss,81.68,113.40,false,
2024,2,Eric's Team,Big Al,Win,113.40,81.68,false,
2024,2,Gonna Get a TD,Good Times,Win,135.54,77.76,false,
2024,2,Good Times,Gonna Get a TD,Loss,77.76,135.54,false,
2024,2,Mini DITKA,The Big Dog,Loss,87.32,109.06,false,
2024,2,The Big Dog,Mini DITKA,Win,109.06,87.32,false,
2024,3,Kickin' Balls,Eric's Team,Win,107.72,103.90,false,
2024,3,Eric's Team,Kickin' Balls,Loss,103.90,107.72,false,
2024,3,11 Bar Blues,Gonna Get a TD,Win,124.46,124.28,false,
2024,3,Gonna Get a TD,11 Bar Blues,Loss,124.28,124.46,false,
2024,3,Big Al,Good Times,Loss,87.40,90.02,false,
2024,3,Good Times,Big Al,Win,90.02,87.40,false,
2024,3,Aro High,Mini DITKA,Loss,98.88,108.26,false,
2024,3,Mini DITKA,Aro High,Win,108.26,98.88,false,
2024,3,The Bald Beauty,The Big Dog,Loss,94.64,123.48,false,
2024,3,The Big Dog,The Bald Beauty,Win,123.48,94.64,false,
2024,4,Kickin' Balls,11 Bar Blues,Win,109.20,75.98,false,
2024,4,11 Bar Blues,Kickin' Balls,Loss,75.98,109.20,false,
2024,4,Big Al,Gonna Get a TD,Win,109.24,86.90,false,
2024,4,Gonna Get a TD,Big Al,Loss,86.90,109.24,false,
2024,4,Aro High,The Bald Beauty,Loss,108.78,109.32,false,
2024,4,The Bald Beauty,Aro High,Win,109.32,108.78,false,
2024,4,Eric's Team,Mini DITKA,Loss,111.18,131.14,false,
2024,4,Mini DITKA,Eric's Team,Win,131.14,111.18,false,
2024,4,Good Times,The Big Dog,Loss,82.50,112.42,false,
2024,4,The Big Dog,Good Times,Win,112.42,82.50,false,
2024,5,Kickin' Balls,Gonna Get a TD,Win,129.20,115.54,false,
2024,5,Gonna Get a TD,Kickin' Balls,Loss,115.54,129.20,false,
2024,5,11 Bar Blues,Eric's Team,Win,140.88,112.14,false,
2024,5,Eric's Team,11 Bar Blues,Loss,112.14,140.88,false,
2024,5,Big Al,The Big Dog,Win,120.32,97.26,false,
2024,5,The Big Dog,Big Al,Loss,97.26,120.32,false,
2024,5,Aro High,Good Times,Loss,109.90,129.34,false,
2024,5,Good Times,Aro High,Win,129.34,109.90,false,
2024,5,Mini DITKA,The Bald Beauty,Loss,81.28,149.96,false,
2024,5,The Bald Beauty,Mini DITKA,Win,149.96,81.28,false,
2024,6,Kickin' Balls,Big Al,Loss,113.20,132.12,false,
2024,6,Big Al,Kickin' Balls,Win,132.12,113.20,false,
2024,6,11 Bar Blues,Mini DITKA,Win,89.96,66.72,false,
2024,6,Mini DITKA,11 Bar Blues,Loss,66.72,89.96,false,
2024,6,Aro High,Eric's Team,Loss,101.86,114.08,false,
2024,6,Eric's Team,Aro High,Win,114.08,101.86,false,
2024,6,Gonna Get a TD,The Big Dog,Loss,115.10,121.00,false,
2024,6,The Big Dog,Gonna Get a TD,Win,121.00,115.10,false,
2024,6,Good Times,The Bald Beauty,Win,138.50,115.26,false,
2024,6,The Bald Beauty,Good Times,Loss,115.26,138.50,false,
2024,7,Kickin' Balls,Mini DITKA,Win,119.90,68.96,false,
2024,7,Mini DITKA,Kickin' Balls,Loss,68.96,119.90,false,
2024,7,11 Bar Blues,The Big Dog,Win,93.94,82.38,false,
2024,7,The Big Dog,11 Bar Blues,Loss,82.38,93.94,false,
2024,7,Big Al,The Bald Beauty,Win,135.64,118.16,false,
2024,7,The Bald Beauty,Big Al,Loss,118.16,135.64,false,
2024,7,Aro High,Gonna Get a TD,Loss,95.50,147.64,false,
2024,7,Gonna Get a TD,Aro High,Win,147.64,95.50,false,
2024,7,Eric's Team,Good Times,Loss,85.44,141.82,false,
2024,7,Good Times,Eric's Team,Win,141.82,85.44,false,
2024,8,Kickin' Balls,Good Times,Win,143.40,114.32,false,
2024,8,Good Times,Kickin' Balls,Loss,114.32,143.40,false,
2024,8,11 Bar Blues,Mini DITKA,Win,124.36,104.08,false,
2024,8,Mini DITKA,11 Bar Blues,Loss,104.08,124.36,false,
2024,8,Big Al,Aro High,Loss,96.46,131.20,false,
2024,8,Aro High,Big Al,Win,131.20,96.46,false,
2024,8,Eric's Team,The Bald Beauty,Loss,113.60,140.24,false,
2024,8,The Bald Beauty,Eric's Team,Win,140.24,113.60,false,
2024,8,Gonna Get a TD,The Big Dog,Win,114.42,114.40,false,
2024,8,The Big Dog,Gonna Get a TD,Loss,114.40,114.42,false,
2024,9,Kickin' Balls,Aro High,Win,156.28,100.64,false,
2024,9,Aro High,Kickin' Balls,Loss,100.64,156.28,false,
2024,9,11 Bar Blues,Good Times,Loss,110.14,147.70,false,
2024,9,Good Times,11 Bar Blues,Win,147.70,110.14,false,
2024,9,Big Al,Mini DITKA,Win,85.00,83.94,false,
2024,9,Mini DITKA,Big Al,Loss,83.94,85.00,false,
2024,9,Eric's Team,The Big Dog,Win,127.90,73.30,false,
2024,9,The Big Dog,Eric's Team,Loss,73.30,127.90,false,
2024,9,Gonna Get a TD,The Bald Beauty,Loss,108.62,134.10,false,
2024,9,The Bald Beauty,Gonna Get a TD,Win,134.10,108.62,false,
2024,10,Kickin' Balls,The Big Dog,Win,97.84,75.44,false,
2024,10,The Big Dog,Kickin' Balls,Loss,75.44,97.84,false,
2024,10,11 Bar Blues,The Bald Beauty,Loss,100.68,160.28,false,
2024,10,The Bald Beauty,11 Bar Blues,Win,160.28,100.68,false,
2024,10,Big Al,Aro High,Win,116.20,104.24,false,
2024,10,Aro High,Big Al,Loss,104.24,116.20,false,
2024,10,Eric's Team,Gonna Get a TD,Win,81.10,78.44,false,
2024,10,Gonna Get a TD,Eric's Team,Loss,78.44,81.10,false,
2024,10,Good Times,Mini DITKA,Win,124.40,83.04,false,
2024,10,Mini DITKA,Good Times,Loss,83.04,124.40,false,
2024,11,Kickin' Balls,The Bald Beauty,Loss,81.86,98.54,false,
2024,11,The Bald Beauty,Kickin' Balls,Win,98.54,81.86,false,
2024,11,11 Bar Blues,Aro High,Loss,115.44,129.38,false,
2024,11,Aro High,11 Bar Blues,Win,129.38,115.44,false,
2024,11,Big Al,Eric's Team,Loss,60.48,194.98,false,
2024,11,Eric's Team,Big Al,Win,194.98,60.48,false,
2024,11,Gonna Get a TD,Mini DITKA,Loss,95.00,112.74,false,
2024,11,Mini DITKA,Gonna Get a TD,Win,112.74,95.00,false,
2024,11,Good Times,The Big Dog,Win,135.38,122.26,false,
2024,11,The Big Dog,Good Times,Loss,122.26,135.38,false,
2024,12,Kickin' Balls,Eric's Team,Loss,95.16,133.96,false,
2024,12,Eric's Team,Kickin' Balls,Win,133.96,95.16,false,
2024,12,11 Bar Blues,The Big Dog,Loss,107.90,123.12,false,
2024,12,The Big Dog,11 Bar Blues,Win,123.12,107.90,false,
2024,12,Big Al,Good Times,Win,108.68,106.00,false,
2024,12,Good Times,Big Al,Loss,106.00,108.68,false,
2024,12,Aro High,Mini DITKA,Loss,90.30,129.66,false,
2024,12,Mini DITKA,Aro High,Win,129.66,90.30,false,
2024,12,Gonna Get a TD,The Bald Beauty,Win,118.72,75.76,false,
2024,12,The Bald Beauty,Gonna Get a TD,Loss,75.76,118.72,false,
2024,13,Kickin' Balls,Big Al,Loss,97.80,121.78,false,
2024,13,Big Al,Kickin' Balls,Win,121.78,97.80,false,
2024,13,11 Bar Blues,Eric's Team,Loss,109.66,114.24,false,
2024,13,Eric's Team,11 Bar Blues,Win,114.24,109.66,false,
2024,13,Aro High,Gonna Get a TD,Win,139.70,110.86,false,
2024,13,Gonna Get a TD,Aro High,Loss,110.86,139.70,false,
2024,13,Good Times,The Bald Beauty,Win,134.42,96.42,false,
2024,13,The Bald Beauty,Good Times,Loss,96.42,134.42,false,
2024,13,Mini DITKA,The Big Dog,Loss,109.64,118.82,false,
2024,13,The Big Dog,Mini DITKA,Win,118.82,109.64,false,
2024,14,Kickin' Balls,Mini DITKA,Win,132.50,79.00,false,
2024,14,Mini DITKA,Kickin' Balls,Loss,79.00,132.50,false,
2024,14,11 Bar Blues,Gonna Get a TD,Win,121.26,102.98,false,
2024,14,Gonna Get a TD,11 Bar Blues,Loss,102.98,121.26,false,
2024,14,Big Al,The Bald Beauty,Loss,94.88,167.32,false,
2024,14,The Bald Beauty,Big Al,Win,167.32,94.88,false,
2024,14,Aro High,The Big Dog,Loss,85.96,155.10,false,
2024,14,The Big Dog,Aro High,Win,155.10,85.96,false,
2024,14,Eric's Team,Good Times,Loss,109.12,176.48,false,
2024,14,Good Times,Eric's Team,Win,176.48,109.12,false,
2024,15,Kickin' Balls,The Bald Beauty,Loss,104.72,137.94,false,
2024,15,The Bald Beauty,Kickin' Balls,Win,137.94,104.72,false,
2024,15,Big Al,Eric's Team,Loss,130.60,166.16,false,
2024,15,Eric's Team,Big Al,Win,166.16,130.60,false,
2025,1,Kickin' Balls,The Bald Beauty,Loss,87.22,95.98,false,
2025,1,The Bald Beauty,Kickin' Balls,Win,95.98,87.22,false,
2025,1,11 Bar Blues,Mini DITKA,Win,107.02,104.72,false,
2025,1,Mini DITKA,11 Bar Blues,Loss,104.72,107.02,false,
2025,1,Raving 45,Eric's Team,Loss,82.02,103.78,false,
2025,1,Eric's Team,Raving 45,Win,103.78,82.02,false,
2025,1,My ball Zach Ertz,The Big Dog,Win,119.26,107.58,false,
2025,1,The Big Dog,My ball Zach Ertz,Loss,107.58,119.26,false,
2025,1,Gonna Get a TD,Good Times,Loss,82.04,125.96,false,
2025,1,Good Times,Gonna Get a TD,Win,125.96,82.04,false,
2025,2,Kickin' Balls,Raving 45,Loss,102.78,107.70,false,
2025,2,Raving 45,Kickin' Balls,Win,107.70,102.78,false,
2025,2,11 Bar Blues,Eric's Team,Loss,111.34,134.10,false,
2025,2,Eric's Team,11 Bar Blues,Win,134.10,111.34,false,
2025,2,My ball Zach Ertz,Mini DITKA,Loss,89.30,128.78,false,
2025,2,Mini DITKA,My ball Zach Ertz,Win,128.78,89.30,false,
2025,2,Gonna Get a TD,The Big Dog,Loss,113.84,119.44,false,
2025,2,The Big Dog,Gonna Get a TD,Win,119.44,113.84,false,
2025,2,Good Times,The Bald Beauty,Loss,89.72,115.54,false,
2025,2,The Bald Beauty,Good Times,Win,115.54,89.72,false,
2025,3,Kickin' Balls,My ball Zach Ertz,Win,98.22,96.22,false,
2025,3,My ball Zach Ertz,Kickin' Balls,Loss,96.22,98.22,false,
2025,3,11 Bar Blues,Gonna Get a TD,Win,117.82,107.82,false,
2025,3,Gonna Get a TD,11 Bar Blues,Loss,107.82,117.82,false,
2025,3,Raving 45,The Bald Beauty,Loss,110.36,113.74,false,
2025,3,The Bald Beauty,Raving 45,Win,113.74,110.36,false,
2025,3,Eric's Team,Good Times,Win,120.72,103.92,false,
2025,3,Good Times,Eric's Team,Loss,103.92,120.72,false,
2025,3,Mini DITKA,The Big Dog,Win,153.96,86.48,false,
2025,3,The Big Dog,Mini DITKA,Loss,86.48,153.96,false,
2025,4,Kickin' Balls,The Big Dog,Loss,119.78,156.48,false,
2025,4,The Big Dog,Kickin' Balls,Win,156.48,119.78,false,
2025,4,11 Bar Blues,Good Times,Win,121.98,115.16,false,
2025,4,Good Times,11 Bar Blues,Loss,115.16,121.98,false,
2025,4,Raving 45,Gonna Get a TD,Loss,99.10,103.54,false,
2025,4,Gonna Get a TD,Raving 45,Win,103.54,99.10,false,
2025,4,My ball Zach Ertz,Eric's Team,Loss,111.68,114.78,false,
2025,4,Eric's Team,My ball Zach Ertz,Win,114.78,111.68,false,
2025,4,Mini DITKA,The Bald Beauty,Win,140.20,110.30,false,
2025,4,The Bald Beauty,Mini DITKA,Loss,110.30,140.20,false,
2025,5,Kickin' Balls,Mini DITKA,Loss,140.34,174.82,false,
2025,5,Mini DITKA,Kickin' Balls,Win,174.82,140.34,false,
2025,5,11 Bar Blues,Raving 45,Loss,93.58,97.22,false,
2025,5,Raving 45,11 Bar Blues,Win,97.22,93.58,false,
2025,5,My ball Zach Ertz,Good Times,Win,131.16,82.92,false,
2025,5,Good Times,My ball Zach Ertz,Loss,82.92,131.16,false,
2025,5,Eric's Team,The Big Dog,Loss,80.42,112.22,false,
2025,5,The Big Dog,Eric's Team,Win,112.22,80.42,false,
2025,5,Gonna Get a TD,The Bald Beauty,Loss,92.68,124.54,false,
2025,5,The Bald Beauty,Gonna Get a TD,Win,124.54,92.68,false,
2025,6,Kickin' Balls,Eric's Team,Loss,87.86,104.34,false,
2025,6,Eric's Team,Kickin' Balls,Win,104.34,87.86,false,
2025,6,11 Bar Blues,My ball Zach Ertz,Win,130.14,92.34,false,
2025,6,My ball Zach Ertz,11 Bar Blues,Loss,92.34,130.14,false,
2025,6,Raving 45,Good Times,Loss,91.62,119.60,false,
2025,6,Good Times,Raving 45,Win,119.60,91.62,false,
2025,6,Gonna Get a TD,Mini DITKA,Loss,91.36,153.10,false,
2025,6,Mini DITKA,Gonna Get a TD,Win,153.10,91.36,false,
2025,6,The Bald Beauty,The Big Dog,Win,115.32,79.64,false,
2025,6,The Big Dog,The Bald Beauty,Loss,79.64,115.32,false,
2025,7,Kickin' Balls,Good Times,Loss,80.32,95.26,false,
2025,7,Good Times,Kickin' Balls,Win,95.26,80.32,false,
2025,7,11 Bar Blues,The Big Dog,Loss,112.94,124.08,false,
2025,7,The Big Dog,11 Bar Blues,Win,124.08,112.94,false,
2025,7,Raving 45,Mini DITKA,Loss,110.34,142.74,false,
2025,7,Mini DITKA,Raving 45,Win,142.74,110.34,false,
2025,7,My ball Zach Ertz,Gonna Get a TD,Loss,76.32,142.96,false,
2025,7,Gonna Get a TD,My ball Zach Ertz,Win,142.96,76.32,false,
2025,7,Eric's Team,The Bald Beauty,Loss,126.78,155.00,false,
2025,7,The Bald Beauty,Eric's Team,Win,155.00,126.78,false,
2025,8,Kickin' Balls,The Bald Beauty,Loss,102.00,134.16,false,
2025,8,The Bald Beauty,Kickin' Balls,Win,134.16,102.00,false,
2025,8,11 Bar Blues,My ball Zach Ertz,Win,118.88,72.48,false,
2025,8,My ball Zach Ertz,11 Bar Blues,Loss,72.48,118.88,false,
2025,8,Raving 45,Eric's Team,Loss,90.42,153.74,false,
2025,8,Eric's Team,Raving 45,Win,153.74,90.42,false,
2025,8,Gonna Get a TD,Mini DITKA,Loss,112.58,142.26,false,
2025,8,Mini DITKA,Gonna Get a TD,Win,142.26,112.58,false,
2025,8,Good Times,The Big Dog,Win,127.02,116.36,false,
2025,8,The Big Dog,Good Times,Loss,116.36,127.02,false,
2025,9,Kickin' Balls,11 Bar Blues,Win,131.80,111.48,false,
2025,9,11 Bar Blues,Kickin' Balls,Loss,111.48,131.80,false,
2025,9,Raving 45,The Big Dog,Win,110.76,108.14,false,
2025,9,The Big Dog,Raving 45,Loss,108.14,110.76,false,
2025,9,My ball Zach Ertz,The Bald Beauty,Win,134.76,124.20,false,
2025,9,The Bald Beauty,My ball Zach Ertz,Loss,124.20,134.76,false,
2025,9,Eric's Team,Gonna Get a TD,Loss,111.36,111.40,false,
2025,9,Gonna Get a TD,Eric's Team,Win,111.40,111.36,false,
2025,9,Good Times,Mini DITKA,Win,132.52,99.70,false,
2025,9,Mini DITKA,Good Times,Loss,99.70,132.52,false,
2025,10,Kickin' Balls,Gonna Get a TD,Win,100.24,44.90,false,
2025,10,Gonna Get a TD,Kickin' Balls,Loss,44.90,100.24,false,
2025,10,11 Bar Blues,The Bald Beauty,Win,139.68,135.80,false,
2025,10,The Bald Beauty,11 Bar Blues,Loss,135.80,139.68,false,
2025,10,Raving 45,My ball Zach Ertz,Win,102.50,93.84,false,
2025,10,My ball Zach Ertz,Raving 45,Loss,93.84,102.50,false,
2025,10,Eric's Team,Mini DITKA,Loss,142.50,154.12,false,
2025,10,Mini DITKA,Eric's Team,Win,154.12,142.50,false,
2025,10,Good Times,The Big Dog,Loss,100.04,128.30,false,
2025,10,The Big Dog,Good Times,Win,128.30,100.04,false,
2025,11,Kickin' Balls,Raving 45,Win,99.86,86.10,false,
2025,11,Raving 45,Kickin' Balls,Loss,86.10,99.86,false,
2025,11,11 Bar Blues,Mini DITKA,Loss,115.82,119.74,false,
2025,11,Mini DITKA,11 Bar Blues,Win,119.74,115.82,false,
2025,11,My ball Zach Ertz,Eric's Team,Loss,86.42,103.14,false,
2025,11,Eric's Team,My ball Zach Ertz,Win,103.14,86.42,false,
2025,11,Gonna Get a TD,The Big Dog,Loss,71.44,98.90,false,
2025,11,The Big Dog,Gonna Get a TD,Win,98.90,71.44,false,
2025,11,Good Times,The Bald Beauty,Win,181.08,74.74,false,
2025,11,The Bald Beauty,Good Times,Loss,74.74,181.08,false,
2025,12,Kickin' Balls,11 Bar Blues,Loss,109.46,141.94,false,
2025,12,11 Bar Blues,Kickin' Balls,Win,141.94,109.46,false,
2025,12,Raving 45,The Bald Beauty,Loss,76.16,140.16,false,
2025,12,The Bald Beauty,Raving 45,Win,140.16,76.16,false,
2025,12,My ball Zach Ertz,Gonna Get a TD,Loss,61.92,112.48,false,
2025,12,Gonna Get a TD,My ball Zach Ertz,Win,112.48,61.92,false,
2025,12,Eric's Team,Good Times,Win,129.66,105.62,false,
2025,12,Good Times,Eric's Team,Loss,105.62,129.66,false,
2025,12,Mini DITKA,The Big Dog,Loss,106.38,160.92,false,
2025,12,The Big Dog,Mini DITKA,Win,160.92,106.38,false,
2025,13,Kickin' Balls,Eric's Team,Loss,83.52,126.18,false,
2025,13,Eric's Team,Kickin' Balls,Win,126.18,83.52,false,
2025,13,11 Bar Blues,The Big Dog,Loss,98.86,100.82,false,
2025,13,The Big Dog,11 Bar Blues,Win,100.82,98.86,false,
2025,13,Raving 45,Good Times,Win,130.24,119.52,false,
2025,13,Good Times,Raving 45,Loss,119.52,130.24,false,
2025,13,My ball Zach Ertz,Mini DITKA,Loss,69.44,106.24,false,
2025,13,Mini DITKA,My ball Zach Ertz,Win,106.24,69.44,false,
2025,13,Gonna Get a TD,The Bald Beauty,Loss,87.34,126.10,false,
2025,13,The Bald Beauty,Gonna Get a TD,Win,126.10,87.34,false,
2025,14,Kickin' Balls,Good Times,Loss,137.96,148.84,false,
2025,14,Good Times,Kickin' Balls,Win,148.84,137.96,false,
2025,14,11 Bar Blues,Gonna Get a TD,Loss,100.90,113.58,false,
2025,14,Gonna Get a TD,11 Bar Blues,Win,113.58,100.90,false,
2025,14,Raving 45,Mini DITKA,Loss,95.26,96.90,false,
2025,14,Mini DITKA,Raving 45,Win,96.90,95.26,false,
2025,14,My ball Zach Ertz,The Big Dog,Loss,67.58,159.94,false,
2025,14,The Big Dog,My ball Zach Ertz,Win,159.94,67.58,false,
2025,14,Eric's Team,The Bald Beauty,Win,117.24,72.30,false,
2025,14,The Bald Beauty,Eric's Team,Loss,72.30,117.24,false,
2025,15,11 Bar Blues,The Big Dog,Win,169.44,106.62,false,
2025,15,The Big Dog,11 Bar Blues,Loss,106.62,169.44,false,
2025,15,Good Times,The Bald Beauty,Loss,116.12,142.40,false,
2025,15,The Bald Beauty,Good Times,Win,142.40,116.12,false,
2025,16,11 Bar Blues,Eric's Team,Win,88.82,88.20,false,
2025,16,Eric's Team,11 Bar Blues,Loss,88.20,88.82,false,
2025,16,Mini DITKA,The Bald Beauty,Loss,106.28,124.90,false,
2025,16,The Bald Beauty,Mini DITKA,Win,124.90,106.28,false,
2025,16,Kickin' Balls,Gonna Get a TD,Loss,88.18,135.68,false,
2025,16,Gonna Get a TD,Kickin' Balls,Win,135.68,88.18,false,
2025,16,Raving 45,My ball Zach Ertz,Win,129.66,82.50,false,
2025,16,My ball Zach Ertz,Raving 45,Loss,82.50,129.66,false,
2025,16,Good Times,The Big Dog,Loss,118.10,153.08,false,
2025,16,The Big Dog,Good Times,Win,153.08,118.10,false,
2025,17,11 Bar Blues,The Bald Beauty,Loss,80.28,113.82,false,
2025,17,The Bald Beauty,11 Bar Blues,Win,113.82,80.28,false,
2025,17,Kickin' Balls,My ball Zach Ertz,Loss,74.50,121.14,false,
2025,17,My ball Zach Ertz,Kickin' Balls,Win,121.14,74.50,false,
2025,17,Raving 45,Gonna Get a TD,Loss,95.78,99.58,false,
2025,17,Gonna Get a TD,Raving 45,Win,99.58,95.78,false,
2025,17,Eric's Team,Mini DITKA,Win,119.74,91.86,false,
2025,17,Mini DITKA,Eric's Team,Loss,91.86,119.74,false,
